Season,House_Type,Electricity_Provider,Income_Level,City_Area,Family_Members,AC_Usage_Hours,Heater_Usage_Hours,WashingMachine_Use,Fridge_Count,Other_Appliances,Avg_Daily_Usage,Units_Consumed,Monthly_Bill
Rainy,,Private,High,SemiUrban,3.0,5.6,1.8,0.0,2.0,5.0,11.3,236.0,1596.0
,Apartment,Society,High,SemiUrban,7.0,5.8,3.6,5.0,2.0,5.0,9.9,332.0,2250.0
Summer,Apartment,Generator Backup,Medium,SemiUrban,6.0,4.5,2.6,4.0,2.0,2.0,3.7,200.0,1479.0
,Kothi,Society,High,Urban,3.0,7.6,1.0,2.0,2.0,6.0,7.0,225.0,1622.0
Rainy,Apartment,,Medium,SemiUrban,3.0,4.0,,2.0,2.0,1.0,3.9,160.0,1217.0
Spring,Rented Room,Generator Backup,High,Urban,,3.0,3.3,4.0,1.0,,3.1,163.0,1160.0
Summer,PG,PSPCL,Medium,Rural,5.0,1.3,5.4,4.0,2.0,1.0,8.5,201.0,1500.0
Summer,PG,Private,Low,Urban,7.0,6.3,,1.0,2.0,2.0,11.6,278.0,
Rainy,Apartment,Society,Medium,Rural,6.0,,4.4,4.0,1.0,2.0,11.1,972.0,4580.0
Winter,Kothi,PSPCL,Medium,Urban,5.0,3.1,4.0,3.0,2.0,1.0,9.3,259.0,1778.0
Rainy,Kothi,Society,High,Rural,7.0,0.2,,4.0,1.0,4.0,,156.0,1105.0
Rainy,Rented Room,,Medium,SemiUrban,7.0,6.7,4.9,3.0,2.0,1.0,5.5,270.0,1939.0
Rainy,Apartment,Private,Low,Rural,2.0,0.1,3.4,4.0,1.0,5.0,5.9,124.0,870.0
Rainy,PG,Society,Low,SemiUrban,6.0,5.6,3.9,1.0,1.0,3.0,9.9,299.0,2052.0
Spring,Kothi,Society,High,SemiUrban,5.0,7.8,5.4,3.0,2.0,6.0,10.2,377.0,2540.0
Summer,Apartment,Generator Backup,Low,Rural,6.0,3.5,2.4,0.0,2.0,5.0,6.5,217.0,1572.0
Spring,Kothi,Society,Medium,Urban,3.0,1.9,2.0,3.0,2.0,3.0,6.8,188.0,1348.0
Spring,Kothi,Society,Low,Urban,3.0,5.6,0.1,1.0,2.0,6.0,3.4,166.0,1233.0
Spring,PG,Generator Backup,High,Urban,6.0,6.5,5.0,5.0,1.0,6.0,,243.0,1736.0
Rainy,Independent,PSPCL,Medium,Urban,2.0,4.4,4.8,3.0,1.0,6.0,7.1,237.0,1712.0
Winter,Rented Room,Generator Backup,High,Urban,2.0,7.7,0.6,4.0,1.0,2.0,4.1,203.0,1448.0
Summer,Rented Room,PSPCL,Medium,SemiUrban,6.0,0.4,3.5,,2.0,6.0,,206.0,1513.0
Winter,PG,Private,Low,Urban,5.0,4.0,2.8,5.0,1.0,4.0,10.7,231.0,1684.0
Spring,Kothi,PSPCL,High,SemiUrban,4.0,5.7,0.7,1.0,2.0,1.0,8.2,223.0,1530.0
Spring,Apartment,PSPCL,High,,2.0,6.9,5.9,2.0,2.0,4.0,3.7,229.0,1646.0
Winter,Kothi,,Medium,SemiUrban,1.0,1.4,1.3,4.0,1.0,1.0,4.7,,1138.0
Winter,PG,PSPCL,High,Rural,3.0,6.4,0.4,0.0,2.0,5.0,7.3,234.0,1716.0
Winter,Rented Room,Generator Backup,Medium,Rural,,4.4,3.6,1.0,1.0,5.0,6.3,197.0,1398.0
Spring,Kothi,PSPCL,Medium,SemiUrban,1.0,3.2,4.4,3.0,2.0,1.0,6.2,178.0,1333.0
Spring,Rented Room,Private,Medium,Rural,6.0,1.1,0.2,3.0,1.0,4.0,7.8,171.0,1296.0
Summer,Apartment,Generator Backup,Medium,Urban,7.0,6.9,4.0,0.0,2.0,1.0,8.3,313.0,2198.0
Summer,Rented Room,Private,Low,Urban,3.0,1.3,3.2,4.0,,6.0,10.2,222.0,
Spring,Rented Room,Private,Medium,SemiUrban,3.0,,0.6,1.0,1.0,2.0,6.1,114.0,854.0
Winter,Independent,Society,High,Urban,2.0,2.3,1.0,0.0,2.0,,10.2,165.0,
Winter,Independent,Society,,SemiUrban,2.0,7.0,3.4,4.0,,2.0,6.0,257.0,1760.0
,Independent,Private,High,SemiUrban,1.0,5.4,1.8,1.0,1.0,6.0,3.5,159.0,1122.0
Spring,Rented Room,Private,Low,Urban,7.0,6.4,5.6,3.0,2.0,6.0,8.0,293.0,
Summer,PG,Private,Medium,Rural,,2.0,4.9,1.0,2.0,5.0,8.3,204.0,1520.0
Summer,Rented Room,Society,Low,Urban,7.0,5.0,5.9,5.0,2.0,5.0,11.4,326.0,2278.0
Rainy,PG,Society,Low,Urban,3.0,4.6,1.6,2.0,1.0,6.0,9.5,253.0,1808.0
Rainy,PG,PSPCL,High,SemiUrban,,6.7,5.8,1.0,1.0,3.0,11.3,,2046.0
Rainy,Independent,PSPCL,High,SemiUrban,4.0,7.2,2.6,2.0,2.0,,11.2,295.0,2116.0
Winter,Kothi,Private,Medium,SemiUrban,1.0,0.1,2.1,1.0,2.0,2.0,8.4,,872.0
Spring,Apartment,Generator Backup,Low,SemiUrban,5.0,5.4,0.3,2.0,1.0,3.0,7.7,185.0,1386.0
Spring,Independent,Generator Backup,Low,Rural,1.0,0.4,0.3,5.0,2.0,,8.0,133.0,940.0
Spring,,Society,Low,Rural,7.0,,4.2,3.0,1.0,2.0,11.8,333.0,2352.0
Spring,Kothi,Society,Medium,Rural,5.0,2.3,2.7,4.0,2.0,1.0,10.0,214.0,1457.0
Rainy,Apartment,Society,Medium,SemiUrban,5.0,2.5,1.4,2.0,2.0,6.0,4.0,121.0,928.0
,Rented Room,Private,Medium,SemiUrban,5.0,2.8,3.7,5.0,2.0,6.0,10.0,237.0,1620.0
Winter,Rented Room,Generator Backup,Medium,SemiUrban,4.0,5.0,1.5,2.0,1.0,3.0,4.5,178.0,1350.0
Rainy,Independent,PSPCL,Medium,Rural,1.0,2.7,3.5,3.0,1.0,2.0,7.0,226.0,1625.0
Winter,Apartment,Private,High,SemiUrban,7.0,5.9,2.2,2.0,1.0,4.0,4.9,,1612.0
Rainy,Independent,PSPCL,Low,Urban,1.0,3.2,4.9,5.0,1.0,2.0,9.2,254.0,1811.0
Spring,PG,,Low,Urban,4.0,0.5,4.9,5.0,2.0,6.0,10.9,231.0,1652.0
Rainy,Independent,,Low,SemiUrban,3.0,6.3,2.9,0.0,2.0,5.0,5.6,204.0,1487.0
Spring,Independent,PSPCL,Low,Urban,2.0,2.3,2.1,3.0,1.0,1.0,3.7,158.0,1138.0
Spring,Rented Room,Generator Backup,Low,Urban,,3.5,2.2,0.0,2.0,,5.7,181.0,1338.0
Summer,Rented Room,,Low,Rural,7.0,5.5,4.8,3.0,2.0,,9.1,341.0,2382.0
Rainy,Rented Room,Generator Backup,Low,SemiUrban,1.0,2.7,2.0,2.0,1.0,4.0,6.0,179.0,1248.0
Summer,PG,Generator Backup,Low,SemiUrban,2.0,0.5,1.3,5.0,2.0,5.0,,,954.0
Rainy,Rented Room,Generator Backup,High,Rural,6.0,3.0,0.5,0.0,2.0,5.0,,134.0,1023.0
Rainy,Apartment,Society,Low,Urban,6.0,7.6,2.8,2.0,1.0,4.0,7.5,311.0,2196.0
Summer,Kothi,PSPCL,High,Urban,4.0,5.1,2.9,5.0,2.0,5.0,5.5,234.0,1672.0
Summer,Apartment,Private,Medium,SemiUrban,,,5.0,3.0,2.0,3.0,9.6,328.0,
Rainy,Apartment,Private,Low,Urban,7.0,5.1,1.3,5.0,2.0,6.0,3.7,249.0,1810.0
Winter,Rented Room,PSPCL,Medium,Rural,6.0,1.6,2.3,2.0,1.0,2.0,9.0,197.0,1350.0
Spring,Kothi,Society,,Rural,3.0,3.3,4.9,0.0,1.0,5.0,5.1,182.0,1284.0
Summer,Kothi,Society,Medium,SemiUrban,,6.0,4.9,0.0,2.0,3.0,7.4,262.0,1849.0
Spring,Kothi,Generator Backup,High,Rural,3.0,0.8,2.3,5.0,2.0,2.0,5.6,173.0,1224.0
Winter,PG,PSPCL,Medium,Rural,6.0,,2.8,2.0,2.0,2.0,9.5,,1666.0
Winter,Rented Room,PSPCL,Medium,SemiUrban,4.0,2.2,1.8,1.0,1.0,5.0,11.5,190.0,1339.0
,Kothi,Private,Medium,Rural,5.0,3.5,5.6,3.0,1.0,3.0,11.3,276.0,1920.0
Summer,PG,PSPCL,Low,Rural,5.0,7.8,0.7,3.0,1.0,6.0,8.3,263.0,1886.0
Winter,Independent,Society,Low,,2.0,0.5,5.6,2.0,2.0,5.0,7.2,200.0,1442.0
,Independent,PSPCL,High,Urban,5.0,4.1,4.1,1.0,2.0,4.0,10.4,236.0,1671.0
Winter,PG,Private,High,SemiUrban,5.0,1.4,3.2,0.0,2.0,2.0,9.1,218.0,
Spring,PG,Generator Backup,Low,SemiUrban,3.0,7.8,0.2,4.0,2.0,5.0,4.7,238.0,1688.0
Spring,Rented Room,Private,High,SemiUrban,3.0,0.9,2.9,4.0,2.0,2.0,10.4,237.0,1636.0
Rainy,Rented Room,Private,Low,Urban,6.0,3.2,2.4,2.0,1.0,3.0,6.9,182.0,1270.0
Spring,Independent,Generator Backup,,Urban,2.0,5.9,,1.0,2.0,1.0,4.7,174.0,1319.0
Rainy,Kothi,Private,Medium,SemiUrban,1.0,5.6,3.9,1.0,2.0,5.0,5.5,208.0,1416.0
,Independent,Private,High,Urban,7.0,3.4,5.8,3.0,2.0,6.0,,238.0,1597.0
Summer,Kothi,PSPCL,Low,SemiUrban,,2.8,3.4,0.0,1.0,5.0,7.7,184.0,1380.0
Spring,Kothi,PSPCL,Low,Urban,2.0,3.2,4.3,,2.0,2.0,5.1,197.0,1330.0
Rainy,Rented Room,Generator Backup,High,,4.0,2.1,0.4,1.0,,3.0,,115.0,846.0
Rainy,Apartment,PSPCL,Low,Rural,6.0,1.6,2.5,5.0,1.0,4.0,4.1,189.0,1374.0
Winter,Apartment,PSPCL,Medium,SemiUrban,4.0,3.9,0.7,4.0,1.0,6.0,8.2,193.0,1330.0
Summer,PG,Private,High,,2.0,2.1,3.7,5.0,1.0,3.0,9.6,265.0,1858.0
Spring,Rented Room,Society,High,Urban,2.0,,5.6,0.0,1.0,5.0,5.9,191.0,1384.0
Winter,Kothi,PSPCL,Low,Rural,2.0,5.3,4.0,0.0,2.0,4.0,3.3,150.0,1126.0
Spring,Apartment,Society,High,Rural,5.0,7.7,0.5,5.0,2.0,3.0,4.1,242.0,1693.0
,Kothi,PSPCL,Low,Urban,7.0,4.8,2.1,2.0,1.0,1.0,11.2,296.0,2113.0
Winter,Apartment,PSPCL,Low,Urban,7.0,0.6,3.3,1.0,1.0,6.0,7.4,149.0,1112.0
Winter,Apartment,Generator Backup,Low,Urban,4.0,0.6,2.4,,1.0,2.0,7.1,155.0,1174.0
Winter,,Generator Backup,,Urban,2.0,7.6,5.0,5.0,2.0,3.0,3.3,252.0,1835.0
Winter,Rented Room,,Low,Urban,7.0,2.4,4.9,1.0,2.0,3.0,9.6,230.0,1663.0
Winter,Independent,Society,High,Urban,3.0,0.7,3.7,3.0,1.0,1.0,7.8,182.0,1283.0
Spring,,Private,Medium,SemiUrban,7.0,4.8,2.2,2.0,2.0,5.0,4.8,191.0,1372.0
Winter,,PSPCL,Medium,Urban,6.0,5.0,1.5,2.0,2.0,6.0,,211.0,1456.0
Summer,Rented Room,PSPCL,High,Rural,6.0,5.2,0.6,5.0,1.0,6.0,6.5,219.0,1540.0
Rainy,Rented Room,,High,SemiUrban,7.0,,2.1,4.0,1.0,2.0,10.5,261.0,1874.0
Winter,Rented Room,Society,Medium,Urban,3.0,,2.5,5.0,2.0,3.0,10.8,178.0,1320.0
Winter,Rented Room,Generator Backup,Medium,Rural,6.0,7.7,4.1,2.0,2.0,4.0,8.4,300.0,2110.0
Spring,PG,Private,Medium,SemiUrban,,,3.9,1.0,2.0,3.0,9.5,216.0,1595.0
Winter,Kothi,Society,Medium,Rural,7.0,5.4,0.4,4.0,,2.0,4.0,196.0,1423.0
Winter,Rented Room,Generator Backup,Medium,Urban,5.0,5.7,2.4,5.0,1.0,3.0,8.3,266.0,1887.0
Winter,Kothi,Society,Low,Urban,7.0,4.9,1.1,5.0,1.0,1.0,9.0,254.0,1820.0
Spring,,Private,High,Urban,1.0,2.5,0.9,2.0,2.0,3.0,4.8,140.0,1038.0
Winter,PG,Generator Backup,Low,Urban,1.0,2.2,5.0,2.0,2.0,3.0,10.9,255.0,1840.0
Rainy,Kothi,Society,Medium,SemiUrban,1.0,4.8,0.3,3.0,1.0,4.0,4.8,160.0,1108.0
Spring,Apartment,Private,Medium,SemiUrban,6.0,6.9,2.5,5.0,2.0,,5.8,246.0,1775.0
Rainy,Independent,,Medium,Rural,5.0,7.6,1.0,2.0,1.0,1.0,8.6,304.0,2054.0
Spring,Apartment,Private,Low,Urban,5.0,0.8,5.3,0.0,2.0,,8.7,177.0,1224.0
Winter,Apartment,PSPCL,Low,Rural,5.0,1.2,3.3,4.0,1.0,6.0,9.3,190.0,1294.0
Rainy,Apartment,Society,Medium,SemiUrban,,7.6,1.4,0.0,2.0,4.0,4.0,151.0,1136.0
Spring,Rented Room,Generator Backup,,Urban,5.0,5.9,3.0,,2.0,3.0,,305.0,2176.0
Summer,PG,Generator Backup,Low,Urban,3.0,7.1,4.4,5.0,1.0,3.0,7.8,295.0,2022.0
Winter,Apartment,Society,Medium,SemiUrban,1.0,1.6,5.7,3.0,1.0,2.0,7.2,217.0,1606.0
Spring,PG,Generator Backup,Low,SemiUrban,1.0,4.7,1.3,2.0,1.0,2.0,11.8,258.0,1728.0
Summer,Kothi,Generator Backup,High,SemiUrban,6.0,5.6,5.3,2.0,1.0,6.0,,305.0,2178.0
Spring,Independent,PSPCL,High,SemiUrban,7.0,5.4,5.6,2.0,1.0,4.0,4.1,232.0,1692.0
,Kothi,Society,High,SemiUrban,1.0,3.3,5.5,5.0,2.0,,9.8,289.0,2038.0
Winter,Kothi,Private,High,Urban,7.0,0.1,3.8,4.0,1.0,2.0,3.9,191.0,1328.0
Rainy,Rented Room,PSPCL,Medium,,7.0,4.7,3.8,2.0,1.0,,3.2,218.0,1597.0
Summer,Independent,,Medium,Urban,6.0,2.0,2.4,0.0,1.0,1.0,6.6,154.0,1152.0
Spring,Kothi,PSPCL,Medium,Urban,2.0,3.6,4.5,2.0,1.0,2.0,11.9,283.0,1984.0
Winter,Kothi,Private,High,SemiUrban,2.0,7.7,3.2,,1.0,2.0,4.6,245.0,1734.0
Summer,Independent,Private,High,SemiUrban,4.0,3.2,4.1,3.0,2.0,4.0,9.1,220.0,1550.0
Spring,Independent,Society,Low,Urban,6.0,6.7,2.6,0.0,1.0,6.0,4.6,194.0,1334.0
Spring,,Private,Low,SemiUrban,,1.5,4.4,2.0,1.0,5.0,,209.0,1476.0
Spring,Independent,PSPCL,High,SemiUrban,4.0,5.4,4.9,2.0,1.0,2.0,7.5,258.0,1854.0
Summer,Kothi,Private,High,SemiUrban,2.0,7.8,,1.0,,2.0,9.1,294.0,2053.0
Summer,Kothi,PSPCL,High,Rural,6.0,0.8,5.0,4.0,2.0,4.0,4.8,164.0,1159.0
Summer,Rented Room,PSPCL,High,,2.0,0.1,3.2,0.0,1.0,4.0,9.7,186.0,1391.0
Rainy,Apartment,Private,Low,Rural,4.0,3.5,5.1,1.0,1.0,6.0,12.0,269.0,1852.0
Summer,Kothi,Society,High,SemiUrban,6.0,0.7,2.6,3.0,2.0,5.0,9.0,158.0,1105.0
Summer,PG,,Low,Rural,4.0,,2.3,4.0,2.0,1.0,7.4,244.0,1672.0
Summer,Apartment,Private,,SemiUrban,5.0,7.3,5.5,0.0,2.0,6.0,11.3,349.0,2432.0
Rainy,Apartment,PSPCL,High,,7.0,3.5,1.5,2.0,1.0,1.0,3.1,163.0,1112.0
Summer,Apartment,PSPCL,High,SemiUrban,6.0,2.1,5.1,0.0,1.0,3.0,9.6,236.0,1705.0
Spring,,Private,Low,Rural,6.0,3.5,2.9,2.0,2.0,2.0,11.0,286.0,1951.0
Summer,Kothi,Society,Low,Rural,7.0,5.8,3.1,4.0,1.0,5.0,3.6,207.0,
Spring,Rented Room,Society,Medium,Rural,4.0,0.1,1.9,2.0,2.0,6.0,7.1,121.0,960.0
Spring,Kothi,PSPCL,High,Urban,5.0,4.7,3.4,3.0,2.0,2.0,4.8,166.0,1177.0
Spring,Rented Room,PSPCL,Medium,Rural,3.0,4.9,2.0,5.0,2.0,5.0,,263.0,1880.0
Rainy,Rented Room,Society,Medium,Urban,7.0,5.1,0.2,2.0,1.0,5.0,8.8,246.0,1721.0
Rainy,PG,Generator Backup,Low,SemiUrban,2.0,1.9,1.6,,2.0,,5.7,161.0,1136.0
Rainy,Rented Room,Private,Low,Rural,4.0,5.7,0.0,5.0,2.0,,7.1,207.0,1500.0
Summer,Independent,PSPCL,Medium,SemiUrban,7.0,0.7,5.9,4.0,1.0,6.0,5.5,170.0,1231.0
Spring,PG,PSPCL,High,SemiUrban,7.0,1.6,5.8,4.0,2.0,4.0,6.3,198.0,1463.0
Rainy,Rented Room,Society,Low,Rural,6.0,,2.4,0.0,1.0,,4.4,193.0,1394.0
,Apartment,Private,High,Urban,2.0,5.9,4.4,,2.0,5.0,11.0,330.0,2202.0
Summer,Independent,Society,High,Rural,2.0,0.1,2.1,3.0,1.0,6.0,3.1,114.0,822.0
Rainy,Independent,Private,Medium,SemiUrban,2.0,2.0,,1.0,2.0,3.0,10.9,210.0,1478.0
Summer,Independent,Private,Medium,SemiUrban,7.0,1.7,4.8,1.0,2.0,1.0,,220.0,1617.0
Winter,PG,Private,Medium,Rural,3.0,2.2,5.7,5.0,2.0,5.0,6.0,203.0,1382.0
Rainy,Rented Room,,Medium,Urban,1.0,2.0,2.4,5.0,2.0,3.0,9.5,220.0,
Winter,,Generator Backup,Low,Urban,4.0,0.5,4.7,1.0,2.0,4.0,7.6,,1092.0
Summer,Apartment,Society,Low,,1.0,3.7,1.6,5.0,1.0,5.0,7.5,222.0,1500.0
Spring,Apartment,Generator Backup,,SemiUrban,7.0,5.9,5.9,2.0,1.0,3.0,4.0,230.0,1573.0
Rainy,,Society,Low,Urban,1.0,4.9,0.2,1.0,2.0,5.0,6.5,183.0,1334.0
Summer,Apartment,Private,Medium,Rural,7.0,5.4,3.6,3.0,2.0,2.0,5.2,230.0,1585.0
Spring,PG,PSPCL,High,SemiUrban,1.0,0.6,4.0,,2.0,6.0,3.1,91.0,790.0
Spring,Rented Room,Generator Backup,High,Urban,2.0,7.6,4.1,5.0,1.0,3.0,6.2,312.0,2088.0
Winter,Independent,PSPCL,High,SemiUrban,5.0,6.7,0.7,4.0,1.0,6.0,3.8,214.0,1442.0
Summer,Apartment,Society,Medium,Rural,2.0,6.4,5.6,0.0,2.0,2.0,5.3,219.0,1604.0
Spring,PG,PSPCL,High,Urban,2.0,6.6,1.1,1.0,1.0,2.0,3.8,189.0,1358.0
Rainy,PG,PSPCL,Low,SemiUrban,6.0,7.5,,4.0,2.0,6.0,3.9,232.0,1644.0
Rainy,Apartment,Generator Backup,High,Rural,6.0,4.4,1.3,5.0,2.0,3.0,4.8,229.0,1644.0
Winter,Rented Room,,High,SemiUrban,,1.6,1.8,3.0,2.0,6.0,12.0,212.0,1566.0
Spring,Apartment,PSPCL,High,,7.0,4.9,3.3,0.0,1.0,6.0,3.0,,1301.0
Summer,Independent,Private,Low,Rural,2.0,5.9,2.5,4.0,2.0,1.0,8.7,229.0,1560.0
Rainy,Apartment,Society,Medium,Urban,1.0,5.9,1.0,0.0,2.0,3.0,4.3,147.0,1052.0
Spring,PG,PSPCL,Low,Rural,6.0,4.2,1.0,1.0,2.0,1.0,11.3,247.0,1674.0
Spring,Apartment,Generator Backup,Medium,SemiUrban,5.0,0.5,,5.0,1.0,5.0,3.8,164.0,1117.0
,Rented Room,Society,Medium,Rural,4.0,3.0,4.5,3.0,1.0,6.0,11.6,287.0,2002.0
Rainy,Kothi,Society,High,Rural,1.0,7.4,5.4,5.0,1.0,5.0,8.5,304.0,2056.0
Rainy,Apartment,Generator Backup,Medium,Urban,5.0,4.7,0.5,0.0,2.0,3.0,3.0,143.0,1108.0
Summer,Rented Room,PSPCL,Low,Rural,4.0,4.3,2.4,4.0,1.0,6.0,11.0,298.0,2064.0
Rainy,Rented Room,PSPCL,Low,Rural,3.0,2.2,0.6,1.0,2.0,5.0,7.7,150.0,1028.0
Summer,PG,Society,Medium,SemiUrban,1.0,2.9,0.1,,1.0,4.0,5.4,116.0,944.0
Rainy,Rented Room,PSPCL,High,Urban,1.0,7.2,4.0,5.0,2.0,2.0,9.9,,1958.0
Winter,Rented Room,Private,,Urban,3.0,5.3,3.6,,1.0,6.0,11.3,293.0,2088.0
Rainy,,Generator Backup,Low,Urban,3.0,6.3,1.0,4.0,2.0,2.0,7.4,618.0,2838.0
,Rented Room,Private,High,Rural,1.0,3.6,1.4,0.0,1.0,1.0,,140.0,
Summer,Independent,PSPCL,Medium,Urban,3.0,5.0,0.1,5.0,1.0,5.0,10.1,272.0,1838.0
Winter,Independent,Society,Medium,Rural,2.0,2.0,5.0,5.0,1.0,1.0,9.1,197.0,1352.0
Rainy,PG,Generator Backup,Low,Rural,4.0,5.6,,2.0,2.0,6.0,11.0,335.0,2358.0
Rainy,Apartment,PSPCL,,SemiUrban,4.0,3.4,,,1.0,2.0,9.2,223.0,1646.0
Winter,Rented Room,PSPCL,Low,SemiUrban,4.0,3.5,1.4,1.0,1.0,2.0,5.2,156.0,1092.0
Rainy,Apartment,Society,Medium,SemiUrban,2.0,5.2,5.2,0.0,,5.0,11.4,267.0,1890.0
Rainy,Apartment,Society,Low,SemiUrban,7.0,7.5,5.6,4.0,1.0,6.0,3.9,248.0,1713.0
Summer,PG,Private,High,SemiUrban,3.0,0.5,2.5,5.0,2.0,4.0,5.4,137.0,1054.0
Rainy,Rented Room,Generator Backup,Medium,Rural,5.0,6.6,0.3,0.0,1.0,4.0,7.7,261.0,1846.0
,Rented Room,Generator Backup,,Rural,3.0,2.3,0.2,5.0,2.0,5.0,8.1,167.0,
Winter,Kothi,Society,Low,Urban,1.0,3.6,3.4,4.0,2.0,6.0,3.1,,955.0
Winter,Apartment,Private,Low,Rural,6.0,0.2,2.4,3.0,2.0,5.0,10.0,204.0,1500.0
Spring,Apartment,Generator Backup,Medium,Rural,4.0,2.4,0.2,4.0,2.0,6.0,6.3,164.0,1186.0
Summer,Independent,Society,Low,SemiUrban,3.0,4.0,3.5,4.0,1.0,1.0,6.7,216.0,1523.0
Rainy,Kothi,PSPCL,Medium,Rural,5.0,0.4,0.1,4.0,2.0,5.0,10.3,,1410.0
Rainy,Independent,Generator Backup,High,SemiUrban,1.0,3.9,4.7,,2.0,6.0,6.4,240.0,1717.0
Spring,Independent,Private,Low,Urban,2.0,7.4,1.8,2.0,2.0,4.0,3.4,184.0,1266.0
Rainy,Independent,,Medium,Urban,7.0,0.8,0.2,4.0,2.0,6.0,4.6,140.0,1090.0
Summer,PG,Private,High,Rural,2.0,6.1,3.5,1.0,1.0,6.0,11.6,,2107.0
,PG,PSPCL,High,Urban,5.0,3.3,2.4,1.0,1.0,5.0,3.6,130.0,982.0
Summer,Independent,Generator Backup,Medium,Rural,,5.2,5.8,0.0,2.0,1.0,6.2,169.0,1258.0
Spring,Kothi,Generator Backup,Low,Urban,4.0,2.1,3.3,2.0,2.0,1.0,,204.0,1385.0
Spring,Apartment,PSPCL,Medium,SemiUrban,3.0,,1.7,0.0,2.0,1.0,7.4,190.0,1296.0
Winter,Kothi,Generator Backup,High,SemiUrban,1.0,1.3,,1.0,1.0,1.0,3.0,111.0,778.0
Summer,Rented Room,PSPCL,Medium,SemiUrban,7.0,0.6,1.6,1.0,1.0,3.0,7.5,162.0,1247.0
Rainy,PG,PSPCL,Low,SemiUrban,2.0,1.5,5.4,3.0,1.0,5.0,6.5,183.0,1352.0
Rainy,Apartment,PSPCL,High,Rural,7.0,5.3,2.2,4.0,1.0,2.0,11.7,341.0,2292.0
Summer,Apartment,,Medium,Urban,7.0,7.1,3.3,1.0,1.0,5.0,4.4,,1585.0
Rainy,Rented Room,Generator Backup,Low,Rural,5.0,6.5,0.3,5.0,2.0,3.0,6.2,236.0,1616.0
Rainy,Rented Room,PSPCL,High,SemiUrban,5.0,5.5,2.6,5.0,1.0,1.0,6.8,273.0,1886.0
Summer,Independent,Generator Backup,Low,,3.0,0.9,5.0,0.0,1.0,3.0,6.5,147.0,1052.0
Spring,PG,Private,High,Urban,5.0,2.3,4.8,0.0,2.0,4.0,9.0,190.0,1379.0
Summer,PG,PSPCL,Medium,Rural,5.0,2.5,1.3,4.0,1.0,4.0,4.9,184.0,1280.0
Spring,Kothi,Society,Low,Urban,1.0,2.0,1.4,4.0,1.0,5.0,5.0,129.0,964.0
Rainy,Independent,Private,High,Rural,4.0,4.1,4.9,3.0,1.0,5.0,9.6,250.0,1797.0
Rainy,Independent,Society,Low,Urban,3.0,4.3,5.6,2.0,2.0,2.0,7.5,284.0,1978.0
Rainy,Independent,Generator Backup,Low,Urban,1.0,2.9,,0.0,1.0,2.0,6.7,131.0,926.0
Winter,,Generator Backup,Medium,SemiUrban,4.0,2.8,2.7,4.0,2.0,4.0,4.5,185.0,1308.0
Spring,,Private,Low,Urban,7.0,6.6,2.0,,2.0,1.0,4.7,211.0,1452.0
Winter,PG,Generator Backup,High,SemiUrban,1.0,6.3,5.2,4.0,1.0,3.0,3.1,203.0,1432.0
Winter,Independent,Society,High,SemiUrban,6.0,2.5,0.5,1.0,1.0,2.0,3.8,140.0,971.0
Summer,,PSPCL,High,SemiUrban,1.0,7.3,1.3,0.0,1.0,6.0,8.0,230.0,1607.0
Winter,Apartment,PSPCL,High,Rural,5.0,,4.5,1.0,1.0,2.0,11.0,311.0,2148.0
Summer,Apartment,PSPCL,Medium,Rural,4.0,,,0.0,2.0,1.0,5.6,138.0,1038.0
Summer,Kothi,Private,Low,Rural,3.0,2.8,3.0,2.0,1.0,1.0,5.9,164.0,1116.0
Winter,Independent,Generator Backup,Medium,Rural,3.0,4.0,2.7,3.0,2.0,5.0,4.0,152.0,1107.0
Spring,PG,,Low,Urban,4.0,7.5,2.0,5.0,2.0,3.0,6.5,246.0,1784.0
Spring,Apartment,Generator Backup,Low,Urban,5.0,7.0,2.4,,2.0,1.0,3.3,239.0,1736.0
Spring,Rented Room,Generator Backup,Low,Rural,2.0,0.8,3.2,5.0,2.0,2.0,11.3,222.0,1578.0
Spring,Rented Room,Generator Backup,,Urban,1.0,3.1,1.0,1.0,2.0,2.0,9.1,209.0,1446.0
Spring,Kothi,PSPCL,Low,Urban,5.0,4.4,3.4,4.0,1.0,4.0,11.9,299.0,2016.0
Winter,Independent,Society,Medium,SemiUrban,6.0,4.0,4.8,5.0,2.0,1.0,10.9,293.0,2022.0
Winter,Apartment,Society,High,SemiUrban,7.0,,4.6,2.0,2.0,6.0,,212.0,1431.0
Rainy,Independent,Generator Backup,High,SemiUrban,4.0,6.9,0.9,5.0,1.0,5.0,7.7,239.0,1728.0
Spring,Apartment,PSPCL,Low,SemiUrban,,5.4,0.9,0.0,1.0,3.0,4.7,150.0,1045.0
Winter,Kothi,PSPCL,Medium,Urban,3.0,6.7,1.6,1.0,2.0,6.0,7.2,232.0,1662.0
Rainy,Kothi,Society,High,Rural,7.0,6.9,2.2,0.0,2.0,5.0,11.1,298.0,2052.0
Spring,Rented Room,PSPCL,Medium,Urban,2.0,6.0,2.5,0.0,1.0,2.0,3.5,193.0,1310.0
Summer,Independent,PSPCL,Medium,Urban,6.0,3.5,4.1,0.0,2.0,6.0,10.8,915.0,4160.0
Rainy,Rented Room,PSPCL,Low,Urban,3.0,,0.3,3.0,1.0,5.0,6.1,202.0,1378.0
Winter,Independent,Private,High,SemiUrban,4.0,1.3,0.2,3.0,1.0,,,222.0,1637.0
Summer,,Generator Backup,Low,SemiUrban,1.0,5.4,2.4,4.0,2.0,2.0,11.5,331.0,
,PG,Society,Low,SemiUrban,4.0,1.4,4.2,1.0,1.0,2.0,9.0,,1300.0
Summer,PG,Society,High,Rural,7.0,5.6,1.2,2.0,2.0,2.0,9.0,258.0,1824.0
Rainy,PG,Private,High,Urban,1.0,1.8,3.8,2.0,2.0,2.0,7.1,162.0,1177.0
Winter,PG,Generator Backup,Medium,Rural,5.0,,1.6,2.0,2.0,4.0,,213.0,1468.0
Summer,Apartment,Society,High,SemiUrban,2.0,1.3,5.3,0.0,1.0,6.0,11.7,228.0,1557.0
Spring,PG,PSPCL,Medium,Rural,5.0,0.0,5.4,3.0,2.0,5.0,10.0,207.0,1460.0
Summer,Kothi,,Medium,Urban,5.0,5.7,1.8,1.0,1.0,4.0,8.6,240.0,1734.0
Summer,Kothi,PSPCL,Medium,Urban,4.0,5.9,1.4,0.0,2.0,4.0,8.5,245.0,1704.0
Rainy,Apartment,Private,High,SemiUrban,7.0,4.1,2.5,3.0,2.0,1.0,10.6,247.0,1742.0
Rainy,PG,PSPCL,Low,SemiUrban,2.0,1.3,1.4,3.0,1.0,1.0,7.9,146.0,1039.0
Winter,PG,Society,Medium,Rural,1.0,0.7,,5.0,2.0,1.0,10.2,199.0,1440.0
Spring,PG,Society,Low,SemiUrban,1.0,,5.0,5.0,2.0,3.0,7.6,196.0,1447.0
Rainy,Rented Room,Society,Low,SemiUrban,6.0,1.3,4.0,1.0,1.0,,3.6,166.0,1207.0
Summer,Independent,Private,High,Urban,3.0,7.1,4.9,1.0,1.0,5.0,6.5,648.0,2926.0
Winter,Rented Room,Private,Low,SemiUrban,6.0,1.9,2.4,1.0,1.0,4.0,7.0,176.0,1208.0
Summer,Independent,Generator Backup,Low,SemiUrban,6.0,2.8,0.9,0.0,2.0,5.0,4.3,114.0,832.0
Summer,PG,Society,High,Urban,1.0,0.8,4.4,4.0,1.0,6.0,3.9,160.0,1182.0
Rainy,PG,PSPCL,Medium,Urban,,1.8,2.2,1.0,1.0,1.0,7.8,166.0,1145.0
Winter,Rented Room,,Low,Rural,5.0,4.2,4.0,5.0,2.0,3.0,3.8,216.0,
,Rented Room,Society,High,SemiUrban,7.0,,1.6,4.0,1.0,6.0,5.7,225.0,1626.0
Spring,Independent,,Low,Urban,5.0,2.0,0.5,0.0,2.0,3.0,9.7,199.0,1378.0
Rainy,Kothi,Private,Low,Rural,5.0,0.5,,4.0,2.0,6.0,11.7,306.0,2074.0
Rainy,Independent,Generator Backup,Medium,Rural,2.0,3.1,0.9,2.0,1.0,4.0,9.5,173.0,1222.0
Winter,Rented Room,Private,Low,SemiUrban,1.0,1.9,5.9,4.0,2.0,5.0,11.9,248.0,1712.0
Spring,Rented Room,Private,High,SemiUrban,7.0,1.8,5.9,1.0,1.0,2.0,9.3,,3504.0
Spring,Apartment,PSPCL,Low,Rural,4.0,7.7,4.8,0.0,1.0,5.0,5.6,234.0,1689.0
Spring,Rented Room,PSPCL,Medium,Urban,2.0,4.9,4.0,1.0,1.0,1.0,9.0,258.0,1821.0
Summer,Apartment,Generator Backup,Medium,Rural,3.0,,3.5,5.0,1.0,2.0,9.3,291.0,2010.0
Spring,Kothi,Society,High,SemiUrban,4.0,3.3,,,2.0,3.0,6.3,202.0,1436.0
Summer,Independent,Private,Medium,Urban,6.0,3.4,1.7,5.0,2.0,4.0,3.2,161.0,1176.0
Winter,Independent,Generator Backup,Low,Urban,4.0,4.3,2.8,,1.0,4.0,9.3,227.0,1592.0
Summer,Apartment,PSPCL,Medium,Rural,4.0,5.6,3.7,1.0,1.0,3.0,3.2,189.0,1428.0
Winter,Independent,Private,High,SemiUrban,,5.6,2.5,1.0,2.0,1.0,8.7,253.0,1770.0
,Rented Room,Society,Medium,Rural,4.0,1.4,,3.0,1.0,3.0,4.5,100.0,815.0
Spring,PG,PSPCL,Medium,Rural,6.0,4.0,2.0,2.0,2.0,,8.1,204.0,1381.0
Winter,Apartment,PSPCL,Medium,Rural,6.0,3.3,3.4,1.0,1.0,1.0,7.5,203.0,1444.0
Rainy,Independent,PSPCL,,Urban,1.0,7.0,5.1,1.0,2.0,,3.1,190.0,1372.0
Winter,Apartment,Generator Backup,Medium,Urban,4.0,5.1,1.2,5.0,2.0,3.0,6.3,167.0,1138.0
Rainy,Apartment,Society,Medium,SemiUrban,5.0,4.3,5.6,5.0,2.0,1.0,,249.0,1720.0
,PG,Private,Low,SemiUrban,4.0,0.9,4.1,1.0,1.0,2.0,10.6,184.0,1319.0
Summer,Rented Room,Generator Backup,High,Rural,3.0,4.8,,0.0,1.0,3.0,11.0,266.0,1903.0
Summer,Apartment,,Medium,Rural,3.0,0.9,3.3,3.0,1.0,4.0,7.4,166.0,1193.0
Spring,,Generator Backup,High,Rural,5.0,2.7,4.7,5.0,1.0,3.0,,255.0,1758.0
Summer,Kothi,PSPCL,Medium,SemiUrban,1.0,1.1,0.1,0.0,1.0,5.0,5.8,108.0,827.0
Rainy,Apartment,Society,Medium,Urban,1.0,5.5,4.9,3.0,2.0,,6.1,250.0,1816.0
Summer,Apartment,Generator Backup,Medium,Urban,6.0,1.7,0.2,1.0,2.0,5.0,4.8,126.0,957.0
Winter,PG,Private,Low,Rural,6.0,3.1,5.3,2.0,2.0,2.0,8.1,,1714.0
Winter,Rented Room,Society,Low,Rural,2.0,7.2,6.0,4.0,2.0,3.0,5.8,262.0,1820.0
Spring,Kothi,Private,Low,Rural,5.0,1.6,1.8,4.0,2.0,2.0,3.8,130.0,1032.0
Winter,Independent,Society,High,Rural,4.0,4.1,,1.0,2.0,2.0,9.2,179.0,1328.0
Rainy,Kothi,Private,High,SemiUrban,7.0,3.4,4.6,5.0,,,9.4,280.0,1926.0
Summer,Independent,PSPCL,,Urban,5.0,0.1,1.5,0.0,1.0,2.0,6.2,132.0,973.0
Spring,Rented Room,Generator Backup,High,Rural,2.0,6.3,5.2,2.0,2.0,2.0,3.7,244.0,1725.0
Summer,Independent,Private,,SemiUrban,6.0,0.6,0.6,3.0,1.0,3.0,6.8,146.0,1048.0
Summer,PG,Society,Medium,Rural,5.0,3.8,0.8,1.0,2.0,3.0,,192.0,1311.0
Rainy,PG,Generator Backup,Medium,Rural,5.0,4.5,5.9,2.0,2.0,4.0,9.0,218.0,1482.0
Winter,PG,Generator Backup,Low,Urban,6.0,5.0,4.0,2.0,,1.0,5.8,222.0,1534.0
Winter,PG,Society,High,Rural,2.0,5.5,5.1,5.0,,2.0,9.1,284.0,
Summer,Kothi,Private,Low,Urban,6.0,2.0,1.9,3.0,1.0,1.0,10.8,262.0,1774.0
,Rented Room,PSPCL,High,Urban,1.0,0.1,4.1,2.0,2.0,5.0,5.1,133.0,982.0
Winter,Independent,PSPCL,Medium,Urban,4.0,5.8,3.6,5.0,1.0,2.0,11.8,334.0,2239.0
Spring,Independent,Private,Low,SemiUrban,,4.3,3.6,0.0,2.0,1.0,6.5,217.0,
Winter,PG,Generator Backup,High,SemiUrban,2.0,6.7,4.1,5.0,,4.0,,257.0,1792.0
Spring,PG,Generator Backup,High,Urban,3.0,6.6,3.5,0.0,1.0,4.0,6.8,261.0,1892.0
,Apartment,Generator Backup,Medium,Rural,1.0,6.7,2.6,0.0,2.0,2.0,3.8,131.0,1044.0
,Rented Room,Generator Backup,Low,Urban,3.0,3.9,1.7,,2.0,5.0,4.1,159.0,1136.0
Rainy,Kothi,Private,Low,Rural,7.0,2.7,4.6,5.0,,4.0,6.7,264.0,1877.0
Rainy,Independent,Generator Backup,Low,Urban,6.0,6.3,1.4,0.0,2.0,4.0,9.9,219.0,1490.0
Spring,Apartment,Society,Medium,Rural,1.0,3.6,4.2,3.0,1.0,5.0,11.1,275.0,1954.0
Rainy,Apartment,Generator Backup,Low,SemiUrban,4.0,1.5,1.4,2.0,2.0,1.0,9.0,165.0,1206.0
Summer,Independent,PSPCL,Medium,Rural,6.0,6.8,3.8,5.0,1.0,4.0,3.9,259.0,1872.0
Rainy,Kothi,Generator Backup,Medium,Urban,4.0,7.1,4.5,5.0,2.0,3.0,9.0,304.0,2064.0
Winter,Apartment,Private,Medium,SemiUrban,5.0,3.7,1.3,,1.0,6.0,8.7,249.0,1772.0
Spring,Apartment,PSPCL,High,Rural,3.0,0.6,0.4,5.0,2.0,6.0,10.3,186.0,1326.0
Summer,Rented Room,Private,Low,Rural,,3.1,0.8,2.0,1.0,4.0,10.4,217.0,1484.0
Spring,,Private,,Rural,4.0,6.4,3.6,3.0,1.0,1.0,10.8,314.0,2213.0
Winter,Apartment,PSPCL,Medium,Rural,2.0,7.2,5.1,5.0,2.0,1.0,6.7,274.0,1951.0
Winter,Kothi,Private,Medium,,4.0,1.6,0.3,4.0,2.0,2.0,9.3,603.0,2832.0
Winter,Independent,Private,Low,SemiUrban,2.0,0.5,4.4,2.0,1.0,3.0,5.4,129.0,988.0
Rainy,PG,Generator Backup,Medium,SemiUrban,6.0,7.0,2.0,0.0,1.0,1.0,12.0,300.0,2050.0
Rainy,Apartment,Society,Low,SemiUrban,1.0,3.1,2.9,1.0,1.0,5.0,4.6,,1044.0
Spring,Rented Room,Private,High,SemiUrban,4.0,4.3,5.6,1.0,1.0,3.0,3.1,204.0,1512.0
Spring,Independent,Private,Medium,Urban,7.0,7.7,2.0,0.0,2.0,,4.3,233.0,1566.0
Summer,Kothi,Private,,SemiUrban,4.0,0.5,2.8,5.0,1.0,3.0,10.0,215.0,1452.0
Summer,Independent,Generator Backup,Medium,Rural,7.0,5.2,0.1,1.0,,5.0,7.0,192.0,1383.0
Spring,Apartment,Society,Low,Rural,1.0,0.6,0.5,1.0,1.0,4.0,7.0,86.0,741.0
Rainy,Kothi,PSPCL,Low,SemiUrban,4.0,3.0,1.6,0.0,2.0,5.0,11.6,223.0,1566.0
Winter,,Generator Backup,Medium,Rural,2.0,6.4,0.2,5.0,,5.0,11.3,271.0,1820.0
Spring,Independent,Generator Backup,High,SemiUrban,4.0,3.5,3.8,5.0,2.0,4.0,5.8,183.0,1332.0
,Apartment,Society,Low,Rural,3.0,8.0,2.6,0.0,2.0,4.0,4.9,193.0,1454.0
Rainy,Rented Room,Society,Low,Urban,6.0,4.5,3.3,,2.0,4.0,10.6,,2332.0
Spring,Kothi,Generator Backup,Low,Urban,5.0,2.6,1.0,5.0,2.0,4.0,11.2,235.0,1702.0
Spring,Independent,PSPCL,High,SemiUrban,2.0,1.8,1.8,2.0,2.0,4.0,7.9,187.0,1326.0
Rainy,Independent,Generator Backup,High,SemiUrban,3.0,2.8,4.0,2.0,2.0,5.0,8.7,,1465.0
Spring,PG,Society,,SemiUrban,7.0,3.0,5.8,0.0,,2.0,5.3,226.0,1528.0
Rainy,PG,PSPCL,High,Rural,6.0,0.5,0.3,,1.0,2.0,10.2,210.0,1548.0
Winter,Rented Room,Society,Medium,SemiUrban,,3.0,5.3,1.0,1.0,1.0,8.7,199.0,1404.0
Rainy,Rented Room,,Medium,Urban,2.0,3.7,3.5,2.0,2.0,2.0,7.5,167.0,1248.0
Rainy,Apartment,Private,High,Rural,,5.8,3.4,1.0,1.0,6.0,3.5,158.0,1209.0
Rainy,Apartment,Society,Medium,SemiUrban,6.0,5.3,3.0,4.0,1.0,2.0,11.2,290.0,2056.0
Spring,Rented Room,Society,High,Rural,7.0,5.7,0.4,0.0,2.0,5.0,8.5,264.0,1888.0
Spring,Rented Room,Generator Backup,Medium,Rural,5.0,0.1,0.5,3.0,1.0,,4.7,104.0,788.0
Rainy,Kothi,Society,High,SemiUrban,1.0,1.7,3.6,4.0,2.0,4.0,8.5,203.0,1480.0
Spring,PG,Society,High,Rural,1.0,5.3,2.0,4.0,,5.0,9.1,272.0,1906.0
Summer,Apartment,Private,Medium,Urban,7.0,3.9,,5.0,2.0,6.0,7.7,283.0,1940.0
Summer,PG,Society,Low,Urban,2.0,0.0,2.4,4.0,2.0,2.0,9.5,182.0,1364.0
Spring,PG,Private,Medium,Rural,7.0,6.4,,0.0,1.0,5.0,8.2,251.0,1784.0
Spring,Rented Room,Private,High,SemiUrban,4.0,6.2,4.3,2.0,1.0,1.0,11.5,316.0,2226.0
Rainy,Kothi,Private,Low,Rural,1.0,,1.8,0.0,2.0,4.0,3.5,129.0,936.0
Winter,Independent,Private,Medium,Urban,6.0,0.5,3.2,2.0,2.0,3.0,4.0,119.0,854.0
Spring,Kothi,PSPCL,Medium,Rural,4.0,,4.2,4.0,2.0,1.0,4.6,242.0,1742.0
Summer,Kothi,Generator Backup,Medium,,3.0,4.7,5.4,4.0,1.0,6.0,9.2,304.0,2124.0
Rainy,PG,PSPCL,Low,Urban,5.0,6.3,4.8,3.0,1.0,1.0,8.8,333.0,2288.0
Spring,Kothi,Society,High,Rural,4.0,6.0,4.1,2.0,1.0,5.0,11.0,305.0,2066.0
Summer,Apartment,PSPCL,Medium,Rural,5.0,6.4,4.1,4.0,1.0,2.0,,324.0,2225.0
Summer,PG,PSPCL,Medium,SemiUrban,7.0,4.1,5.7,5.0,2.0,4.0,7.6,290.0,2044.0
Winter,Apartment,Society,Medium,SemiUrban,4.0,1.1,1.8,1.0,2.0,6.0,11.9,204.0,1391.0
Rainy,Independent,Society,Medium,Urban,7.0,,0.0,3.0,2.0,6.0,5.4,215.0,1506.0
,PG,Society,Medium,Urban,,5.0,1.6,0.0,2.0,3.0,10.5,256.0,1732.0
Winter,Independent,PSPCL,High,Urban,1.0,5.9,1.3,3.0,1.0,1.0,6.8,194.0,1405.0
Winter,PG,PSPCL,High,SemiUrban,3.0,1.4,4.0,1.0,2.0,3.0,8.8,161.0,1208.0
Rainy,Rented Room,Society,Medium,Urban,1.0,1.6,3.8,2.0,2.0,2.0,9.5,186.0,1299.0
Rainy,Kothi,Generator Backup,Low,Urban,7.0,7.1,,0.0,1.0,2.0,8.7,286.0,1989.0
Spring,Rented Room,Generator Backup,High,Urban,1.0,6.0,0.1,0.0,1.0,3.0,4.3,165.0,1224.0
Spring,Independent,Private,Low,SemiUrban,5.0,7.3,4.4,2.0,2.0,4.0,7.0,259.0,1786.0
Winter,,Society,High,Rural,6.0,6.1,1.9,3.0,1.0,2.0,8.1,212.0,1522.0
Spring,PG,Private,Medium,Urban,3.0,4.8,4.0,4.0,2.0,3.0,10.6,276.0,1990.0
Summer,Kothi,,High,Rural,4.0,5.2,3.3,3.0,1.0,1.0,7.0,235.0,1638.0
Spring,Apartment,Private,Medium,Urban,3.0,7.1,2.1,1.0,1.0,3.0,11.3,263.0,1858.0
Spring,Kothi,Society,High,Rural,5.0,4.6,0.8,5.0,2.0,3.0,7.0,211.0,1514.0
,Apartment,Society,Medium,SemiUrban,1.0,5.1,0.6,4.0,1.0,5.0,,232.0,1622.0
,Kothi,,Medium,SemiUrban,5.0,1.3,5.0,3.0,2.0,2.0,10.2,242.0,1690.0
Summer,Apartment,PSPCL,Medium,Urban,2.0,3.8,5.5,5.0,1.0,4.0,8.2,267.0,1812.0
Spring,Independent,,Medium,Rural,2.0,5.7,3.9,5.0,1.0,4.0,11.6,307.0,2062.0
Winter,Rented Room,Generator Backup,Low,SemiUrban,4.0,2.2,0.6,2.0,,5.0,8.9,167.0,1160.0
Spring,PG,Generator Backup,Medium,Urban,5.0,1.6,2.4,1.0,1.0,6.0,7.7,166.0,1232.0
Summer,Kothi,Generator Backup,,Urban,7.0,2.5,4.4,1.0,1.0,4.0,3.2,173.0,1320.0
Summer,Rented Room,PSPCL,Low,SemiUrban,4.0,1.9,4.7,1.0,2.0,3.0,6.7,154.0,1105.0
,PG,PSPCL,Medium,SemiUrban,7.0,1.7,0.7,4.0,,5.0,5.7,201.0,
Rainy,PG,Society,Low,Urban,4.0,3.4,0.0,0.0,2.0,1.0,9.7,199.0,
Rainy,Apartment,Generator Backup,High,Rural,,7.3,4.3,4.0,1.0,2.0,4.9,243.0,1762.0
Summer,Independent,PSPCL,Medium,Rural,4.0,4.1,2.1,3.0,2.0,2.0,4.8,200.0,1478.0
Summer,Independent,Society,Low,Rural,2.0,1.5,1.5,5.0,,2.0,4.7,168.0,1149.0
Rainy,Rented Room,Generator Backup,Medium,Urban,1.0,0.6,0.1,5.0,2.0,3.0,4.1,98.0,737.0
Rainy,Independent,Private,Medium,SemiUrban,7.0,5.6,3.2,0.0,2.0,1.0,5.8,216.0,1538.0
Spring,,Society,Medium,,5.0,3.1,,3.0,1.0,5.0,11.0,308.0,2076.0
Spring,Independent,PSPCL,Low,SemiUrban,4.0,6.6,5.7,0.0,1.0,5.0,10.0,338.0,
Rainy,Rented Room,PSPCL,High,Rural,2.0,5.3,3.4,5.0,1.0,,9.6,279.0,1956.0
Spring,Independent,Society,High,Rural,3.0,6.4,3.1,4.0,2.0,1.0,10.2,273.0,1940.0
Spring,Kothi,Society,Low,SemiUrban,,2.2,0.5,1.0,2.0,1.0,5.4,408.0,2142.0
Winter,Apartment,PSPCL,Medium,SemiUrban,4.0,5.5,3.3,5.0,,1.0,11.0,328.0,2237.0
Spring,Rented Room,Private,Low,Urban,6.0,2.1,2.3,2.0,1.0,4.0,4.2,130.0,906.0
Summer,Apartment,Generator Backup,Low,Rural,1.0,7.5,3.6,1.0,2.0,4.0,6.0,229.0,1658.0
Spring,Apartment,Private,Low,Urban,1.0,5.1,2.3,5.0,2.0,2.0,8.3,250.0,1745.0
Spring,Apartment,,Medium,Urban,3.0,2.6,1.4,4.0,1.0,1.0,3.9,128.0,
Rainy,PG,Private,,Urban,2.0,2.2,0.6,0.0,2.0,6.0,9.6,186.0,
Summer,PG,PSPCL,Medium,Rural,4.0,1.5,1.9,1.0,1.0,1.0,6.5,161.0,1220.0
Spring,Apartment,Society,Low,Urban,7.0,5.6,0.6,4.0,1.0,5.0,10.1,318.0,2126.0
Spring,Rented Room,Generator Backup,High,,2.0,1.7,1.1,3.0,1.0,5.0,7.4,175.0,1218.0
Winter,Kothi,PSPCL,Low,Urban,1.0,4.8,5.9,2.0,2.0,2.0,4.6,,2662.0
Spring,,PSPCL,Low,Urban,2.0,2.1,2.7,1.0,2.0,6.0,9.6,202.0,1432.0
Spring,Independent,Generator Backup,High,Urban,1.0,5.3,3.2,0.0,2.0,1.0,5.3,200.0,1366.0
Winter,Rented Room,Generator Backup,Medium,Urban,2.0,6.5,5.2,3.0,2.0,6.0,7.4,293.0,2004.0
Rainy,PG,Private,Medium,,3.0,6.2,6.0,,1.0,2.0,3.7,229.0,1574.0
Spring,Apartment,Society,Low,Urban,5.0,6.1,3.5,2.0,2.0,5.0,8.6,253.0,1812.0
Winter,Independent,Generator Backup,High,SemiUrban,3.0,1.5,4.9,0.0,1.0,5.0,9.0,172.0,1247.0
Summer,Kothi,Generator Backup,Medium,,3.0,0.7,2.0,4.0,1.0,4.0,6.4,186.0,
Rainy,PG,Society,Low,,5.0,5.6,1.8,4.0,1.0,2.0,11.6,311.0,2204.0
Summer,PG,Generator Backup,High,Rural,5.0,2.9,2.4,1.0,2.0,2.0,10.9,215.0,1570.0
Summer,Apartment,Generator Backup,Medium,Rural,4.0,3.5,4.0,1.0,1.0,1.0,,236.0,1618.0
Winter,Kothi,,Medium,,7.0,0.2,4.1,0.0,1.0,1.0,9.4,189.0,1310.0
Spring,Rented Room,PSPCL,High,SemiUrban,7.0,2.1,1.9,5.0,2.0,4.0,5.3,170.0,1172.0
Winter,PG,PSPCL,High,Rural,4.0,0.3,0.8,5.0,1.0,3.0,8.9,180.0,1232.0
Winter,Apartment,PSPCL,High,Rural,3.0,7.0,3.8,4.0,2.0,6.0,4.8,251.0,1770.0
,Rented Room,PSPCL,High,Urban,3.0,1.9,0.8,1.0,2.0,3.0,4.3,150.0,1134.0
Winter,Kothi,Generator Backup,Low,Rural,1.0,4.5,,2.0,2.0,3.0,12.0,254.0,1701.0
Rainy,PG,,High,SemiUrban,1.0,0.3,4.2,2.0,1.0,2.0,8.6,137.0,1002.0
Spring,Rented Room,Society,Medium,Urban,7.0,,4.2,4.0,2.0,6.0,6.9,250.0,1708.0
Summer,Rented Room,Private,Medium,SemiUrban,4.0,,4.5,1.0,2.0,2.0,5.6,161.0,1198.0
Summer,Rented Room,,Low,Urban,6.0,7.2,5.2,0.0,2.0,6.0,8.4,,1892.0
Spring,PG,Generator Backup,Medium,Rural,6.0,7.1,3.0,0.0,2.0,5.0,3.4,186.0,1386.0
Summer,PG,Society,Medium,SemiUrban,4.0,2.6,,0.0,1.0,2.0,3.9,166.0,1135.0
Spring,Independent,Society,High,Urban,1.0,7.2,3.7,2.0,2.0,2.0,3.3,183.0,1294.0
Summer,Kothi,PSPCL,,Urban,,8.0,1.1,1.0,1.0,2.0,7.5,264.0,1845.0
Winter,Apartment,Generator Backup,Low,Rural,7.0,6.6,0.2,1.0,2.0,4.0,8.4,285.0,1914.0
Summer,Rented Room,Generator Backup,High,Rural,1.0,6.8,1.7,2.0,1.0,2.0,3.6,194.0,1455.0
Spring,Independent,PSPCL,High,Rural,6.0,2.0,2.7,0.0,2.0,1.0,9.5,210.0,1462.0
Spring,Apartment,Generator Backup,Low,SemiUrban,2.0,4.6,3.7,0.0,1.0,1.0,5.1,214.0,1466.0
Spring,Independent,Generator Backup,High,Urban,2.0,0.5,5.1,4.0,2.0,6.0,9.2,236.0,1695.0
Spring,PG,Private,High,Rural,1.0,0.8,1.2,5.0,1.0,5.0,11.8,222.0,1614.0
Spring,Rented Room,Society,,SemiUrban,2.0,8.0,0.8,3.0,1.0,4.0,9.2,266.0,1790.0
Rainy,Apartment,Generator Backup,High,SemiUrban,5.0,2.6,5.8,5.0,,6.0,10.9,292.0,2096.0
Rainy,Apartment,Private,Low,SemiUrban,4.0,6.0,0.6,1.0,2.0,1.0,11.5,261.0,1788.0
Summer,Apartment,Society,Low,Rural,4.0,6.5,2.9,1.0,1.0,4.0,7.4,235.0,1638.0
Spring,Apartment,PSPCL,Medium,Rural,1.0,6.9,3.5,1.0,1.0,4.0,9.3,267.0,1842.0
Summer,Apartment,Private,Medium,Urban,3.0,8.0,3.2,5.0,1.0,5.0,10.7,342.0,2306.0
,Independent,Private,High,Urban,6.0,1.9,0.5,3.0,1.0,4.0,6.2,137.0,
Spring,Rented Room,Society,High,Rural,1.0,0.3,0.3,4.0,2.0,2.0,5.4,142.0,1081.0
,PG,PSPCL,Low,SemiUrban,2.0,3.3,0.6,5.0,1.0,4.0,11.5,252.0,1722.0
Rainy,PG,Private,High,SemiUrban,6.0,1.0,3.5,3.0,1.0,5.0,9.5,213.0,1448.0
Winter,PG,Generator Backup,Low,,3.0,0.2,3.3,0.0,,6.0,5.0,115.0,822.0
Rainy,PG,Generator Backup,Low,Urban,2.0,2.9,1.4,,2.0,5.0,7.0,170.0,1213.0
Winter,Independent,Generator Backup,High,SemiUrban,7.0,6.3,3.8,1.0,1.0,5.0,10.2,269.0,1876.0
Winter,Kothi,PSPCL,Low,Urban,5.0,4.5,4.9,2.0,1.0,,7.9,250.0,1760.0
Winter,Rented Room,Private,,Urban,2.0,2.5,0.2,,1.0,2.0,8.8,139.0,1086.0
Winter,Apartment,Generator Backup,High,SemiUrban,5.0,5.2,3.0,2.0,1.0,1.0,9.8,320.0,2217.0
Winter,Kothi,,Medium,SemiUrban,6.0,1.9,,3.0,,6.0,8.6,229.0,1686.0
Summer,PG,Generator Backup,High,Rural,5.0,0.1,1.5,0.0,1.0,3.0,7.9,113.0,854.0
Rainy,Kothi,Society,,Rural,6.0,6.1,,5.0,1.0,,9.7,368.0,2562.0
Winter,Rented Room,Private,High,SemiUrban,6.0,5.0,3.7,2.0,2.0,2.0,9.5,261.0,1838.0
Spring,Apartment,Private,Medium,Urban,6.0,6.1,5.4,3.0,2.0,4.0,8.7,300.0,2095.0
,Apartment,PSPCL,Low,Urban,6.0,0.3,4.9,0.0,2.0,5.0,6.2,155.0,
Rainy,Rented Room,PSPCL,High,Urban,6.0,6.7,3.5,5.0,1.0,3.0,6.7,269.0,1850.0
Winter,Rented Room,Private,High,Urban,,5.0,4.4,2.0,2.0,2.0,11.7,290.0,1993.0
Summer,PG,Generator Backup,High,Urban,6.0,4.5,,1.0,1.0,,4.0,131.0,970.0
Winter,Apartment,Generator Backup,Medium,,2.0,5.0,3.8,1.0,2.0,5.0,5.4,218.0,1598.0
Summer,Kothi,Society,Medium,SemiUrban,6.0,6.9,2.8,1.0,1.0,6.0,7.4,236.0,1669.0
Spring,Independent,Generator Backup,High,Rural,5.0,4.7,1.1,3.0,2.0,1.0,10.5,248.0,1679.0
Rainy,Independent,PSPCL,Low,Urban,7.0,4.6,4.2,1.0,1.0,2.0,,223.0,1580.0
Spring,Rented Room,PSPCL,Low,Urban,6.0,7.9,3.3,4.0,2.0,2.0,5.5,275.0,1950.0
Summer,PG,Generator Backup,Medium,Urban,3.0,6.1,2.2,0.0,1.0,6.0,3.6,168.0,1165.0
Summer,Independent,PSPCL,Low,Urban,6.0,3.5,5.5,3.0,1.0,3.0,9.4,254.0,1766.0
Spring,Apartment,Private,Medium,SemiUrban,6.0,5.7,0.1,5.0,1.0,6.0,5.1,260.0,1880.0
Summer,Rented Room,,High,Urban,5.0,3.1,1.9,1.0,1.0,4.0,6.5,187.0,1326.0
Spring,Kothi,Generator Backup,Medium,SemiUrban,4.0,1.8,0.3,0.0,1.0,1.0,7.0,112.0,831.0
Rainy,Rented Room,,Medium,Urban,5.0,4.8,4.6,2.0,1.0,3.0,11.0,295.0,2110.0
Spring,Kothi,Private,High,SemiUrban,3.0,7.4,4.2,1.0,1.0,5.0,6.7,,1694.0
Rainy,Rented Room,Society,Low,Rural,4.0,7.4,2.0,0.0,1.0,4.0,4.3,237.0,1626.0
Spring,Rented Room,Society,Medium,Urban,1.0,2.7,4.1,4.0,2.0,3.0,7.7,215.0,1484.0
Summer,Rented Room,Private,Medium,SemiUrban,1.0,4.2,2.4,2.0,1.0,1.0,11.7,,1668.0
Spring,Kothi,Generator Backup,High,Rural,3.0,1.7,4.5,4.0,1.0,2.0,8.5,233.0,1598.0
Summer,Kothi,Society,Low,,5.0,8.0,2.7,5.0,2.0,5.0,11.9,349.0,2442.0
Spring,Rented Room,PSPCL,Medium,Urban,2.0,7.8,2.5,0.0,1.0,6.0,10.6,759.0,3424.0
Spring,Independent,PSPCL,High,Urban,3.0,5.2,5.6,4.0,2.0,1.0,3.3,228.0,1653.0
Winter,PG,PSPCL,Medium,SemiUrban,7.0,6.4,1.5,5.0,1.0,4.0,8.9,300.0,2047.0
Summer,PG,Generator Backup,High,SemiUrban,4.0,5.7,0.7,0.0,2.0,4.0,,202.0,1379.0
,PG,Private,Low,Rural,4.0,4.7,3.5,0.0,2.0,2.0,8.0,,1634.0
Summer,Kothi,PSPCL,,SemiUrban,6.0,0.4,5.8,4.0,1.0,2.0,5.5,194.0,1367.0
Winter,Kothi,Generator Backup,Low,SemiUrban,1.0,3.6,2.3,0.0,2.0,5.0,6.1,158.0,1084.0
Rainy,,Society,,Urban,4.0,5.4,0.4,1.0,1.0,6.0,11.3,281.0,2004.0
Spring,PG,Private,Medium,,3.0,5.4,2.0,0.0,1.0,5.0,4.9,169.0,1264.0
Summer,PG,Society,Medium,Urban,4.0,3.0,3.0,3.0,1.0,2.0,10.9,259.0,1788.0
Summer,Rented Room,Generator Backup,Low,Urban,3.0,7.5,1.0,5.0,1.0,2.0,3.3,229.0,1664.0
Spring,Kothi,PSPCL,Low,,2.0,1.3,3.9,0.0,2.0,4.0,3.8,,
Summer,PG,PSPCL,Low,Urban,6.0,4.0,6.0,3.0,1.0,2.0,10.7,295.0,2024.0
Summer,Independent,Generator Backup,Medium,Urban,1.0,5.5,2.7,0.0,2.0,3.0,8.7,221.0,1626.0
Winter,Independent,PSPCL,Low,Rural,4.0,5.6,2.1,0.0,2.0,1.0,9.7,,1717.0
Summer,PG,Private,Low,Rural,3.0,5.2,2.4,4.0,1.0,2.0,4.9,247.0,1728.0
Rainy,Kothi,Generator Backup,Low,Rural,5.0,2.2,0.7,1.0,1.0,,7.8,157.0,1218.0
Rainy,Independent,Society,High,Rural,1.0,1.2,5.3,5.0,1.0,6.0,9.6,213.0,1534.0
Spring,Rented Room,Generator Backup,Low,Urban,2.0,5.1,2.5,1.0,,6.0,8.6,223.0,1546.0
Summer,,Private,High,Rural,3.0,4.8,2.3,2.0,2.0,6.0,7.2,211.0,1492.0
,Apartment,Private,High,Urban,7.0,1.4,,,1.0,3.0,,271.0,1926.0
Rainy,Apartment,Generator Backup,Low,Rural,7.0,5.6,2.7,4.0,2.0,5.0,9.1,278.0,1978.0
Summer,Kothi,Generator Backup,High,SemiUrban,6.0,3.6,3.9,1.0,1.0,3.0,11.2,268.0,1869.0
Summer,,PSPCL,Low,Rural,6.0,5.3,0.4,4.0,1.0,2.0,9.6,263.0,1788.0
Spring,Kothi,Private,Medium,Rural,2.0,6.7,4.9,1.0,1.0,1.0,9.6,301.0,2098.0
Rainy,Kothi,Generator Backup,Medium,Urban,2.0,1.4,5.6,4.0,,6.0,3.7,165.0,1194.0
Summer,Kothi,Generator Backup,Medium,Rural,6.0,0.2,3.9,0.0,2.0,5.0,6.2,148.0,1111.0
Spring,Kothi,Private,Medium,SemiUrban,4.0,6.2,5.7,1.0,2.0,,10.7,317.0,2184.0
Rainy,,Generator Backup,High,Urban,4.0,4.9,0.9,,1.0,3.0,5.1,189.0,1372.0
Spring,Rented Room,PSPCL,,Urban,3.0,5.6,2.9,3.0,2.0,4.0,4.0,180.0,1236.0
Winter,Independent,Private,Low,Rural,5.0,6.7,,4.0,2.0,2.0,5.9,239.0,1740.0
Summer,Apartment,PSPCL,Low,Urban,3.0,6.4,3.5,4.0,1.0,1.0,5.0,,1914.0
Winter,Kothi,PSPCL,Medium,Urban,5.0,7.7,2.4,1.0,1.0,2.0,11.3,322.0,2151.0
Rainy,Independent,PSPCL,Medium,Urban,,4.3,2.0,0.0,2.0,4.0,10.8,220.0,1614.0
Winter,Apartment,PSPCL,Low,Urban,1.0,3.9,0.8,0.0,2.0,1.0,7.5,162.0,1246.0
Winter,PG,Private,Medium,,3.0,3.2,2.4,5.0,2.0,,3.6,162.0,1121.0
Rainy,Rented Room,PSPCL,Low,Urban,3.0,1.2,1.0,0.0,2.0,2.0,9.4,160.0,1223.0
Spring,Apartment,PSPCL,Low,SemiUrban,5.0,4.6,4.4,,1.0,3.0,8.6,254.0,1814.0
Winter,PG,Generator Backup,Low,Rural,2.0,2.2,1.3,3.0,1.0,2.0,,237.0,1728.0
Spring,Apartment,,Low,SemiUrban,2.0,7.4,0.4,1.0,2.0,2.0,8.0,233.0,
Winter,Rented Room,Private,Low,Urban,7.0,4.7,3.3,2.0,1.0,2.0,6.0,231.0,1612.0
Spring,Rented Room,Society,Low,Urban,5.0,4.7,3.6,3.0,2.0,5.0,7.7,230.0,1586.0
Rainy,Independent,Private,Low,Rural,2.0,2.8,5.2,2.0,2.0,4.0,11.8,272.0,
Winter,Kothi,Private,Medium,SemiUrban,6.0,0.4,3.5,3.0,1.0,,9.3,189.0,1418.0
Rainy,,Society,Low,,4.0,0.3,2.1,0.0,2.0,6.0,9.0,140.0,1044.0
Winter,Apartment,Private,Low,SemiUrban,7.0,3.4,4.8,4.0,2.0,4.0,5.2,230.0,1564.0
Rainy,PG,Private,Medium,Urban,6.0,0.7,3.2,2.0,1.0,6.0,9.7,255.0,1756.0
Rainy,Rented Room,Private,Medium,Rural,1.0,4.9,0.5,3.0,1.0,5.0,9.8,229.0,1630.0
Winter,Apartment,Private,Medium,Rural,3.0,7.0,3.4,4.0,2.0,3.0,5.9,205.0,1470.0
Winter,Rented Room,Society,Low,Urban,7.0,7.1,5.4,2.0,2.0,6.0,7.4,287.0,1984.0
Winter,Apartment,Private,High,Rural,1.0,5.3,2.4,1.0,1.0,2.0,5.7,199.0,1380.0
Summer,Independent,Private,High,SemiUrban,3.0,1.7,1.8,3.0,2.0,3.0,5.3,124.0,995.0
Spring,,Society,Medium,SemiUrban,4.0,,0.9,1.0,2.0,5.0,3.2,588.0,2844.0
Summer,Apartment,Generator Backup,High,SemiUrban,2.0,7.1,0.9,0.0,1.0,4.0,5.6,196.0,1448.0
Summer,Rented Room,PSPCL,Medium,SemiUrban,6.0,1.6,2.6,1.0,1.0,6.0,8.0,204.0,1429.0
Rainy,Independent,,Low,Urban,5.0,5.9,3.6,1.0,1.0,2.0,3.0,182.0,1362.0
Winter,Apartment,,High,Rural,6.0,2.3,0.5,5.0,1.0,1.0,5.5,163.0,1150.0
Spring,PG,PSPCL,Low,SemiUrban,4.0,6.4,5.6,3.0,1.0,,10.9,338.0,2291.0
Rainy,Kothi,Society,High,Urban,1.0,8.0,4.5,0.0,,3.0,8.3,269.0,1900.0
Summer,Apartment,Society,Low,Rural,5.0,0.2,3.5,1.0,2.0,4.0,8.5,172.0,1273.0
Winter,Independent,Private,High,Rural,2.0,7.2,5.0,4.0,2.0,1.0,6.6,311.0,2208.0
Rainy,PG,PSPCL,Low,Urban,4.0,5.0,0.5,2.0,,3.0,9.1,237.0,1718.0
Winter,Independent,Private,Low,,5.0,7.8,2.9,1.0,1.0,5.0,4.7,196.0,1409.0
Rainy,Independent,PSPCL,High,SemiUrban,4.0,3.7,3.8,0.0,2.0,3.0,,254.0,1747.0
Winter,PG,Society,Low,Rural,4.0,6.8,5.0,1.0,2.0,3.0,4.1,243.0,1634.0
Summer,Independent,Society,Low,Rural,2.0,0.5,4.7,2.0,2.0,3.0,8.9,211.0,1422.0
Spring,PG,Generator Backup,Low,Urban,7.0,2.7,1.7,0.0,1.0,2.0,6.1,147.0,1048.0
,,PSPCL,High,Rural,3.0,0.5,5.6,3.0,1.0,3.0,9.7,225.0,1662.0
Spring,PG,Private,,SemiUrban,5.0,7.8,0.7,0.0,2.0,6.0,,246.0,1686.0
Winter,PG,Generator Backup,,Rural,2.0,6.5,,3.0,1.0,3.0,7.1,251.0,1700.0
Rainy,Kothi,Generator Backup,Low,,4.0,6.8,5.8,0.0,1.0,2.0,4.5,253.0,1808.0
Summer,PG,Generator Backup,High,Urban,2.0,7.5,1.1,2.0,1.0,2.0,8.7,747.0,3508.0
Spring,PG,Private,High,SemiUrban,7.0,0.7,4.3,2.0,2.0,5.0,11.8,269.0,1920.0
Summer,Apartment,Generator Backup,Low,SemiUrban,3.0,3.1,0.2,0.0,2.0,4.0,10.4,173.0,1256.0
Spring,Kothi,Private,Low,Rural,6.0,0.6,2.4,1.0,1.0,1.0,3.5,84.0,736.0
Summer,Rented Room,Generator Backup,Low,Rural,5.0,1.7,3.1,2.0,1.0,1.0,6.4,169.0,1206.0
Spring,Apartment,Private,Medium,Urban,3.0,1.8,3.5,3.0,1.0,3.0,11.3,241.0,1762.0
Spring,Apartment,Society,High,SemiUrban,1.0,3.8,5.6,3.0,1.0,5.0,7.5,221.0,1552.0
Winter,Rented Room,Society,Medium,SemiUrban,5.0,2.1,,4.0,1.0,3.0,9.0,175.0,1308.0
Spring,PG,Society,High,SemiUrban,3.0,,2.9,5.0,2.0,1.0,11.2,238.0,1683.0
Winter,Independent,Society,High,Rural,4.0,1.3,4.9,5.0,1.0,2.0,10.9,267.0,1916.0
Spring,Kothi,Society,High,SemiUrban,5.0,1.2,5.7,5.0,1.0,4.0,7.5,244.0,1690.0
Rainy,Independent,Generator Backup,High,Urban,5.0,7.8,0.1,3.0,1.0,5.0,6.9,242.0,1711.0
Rainy,Rented Room,Generator Backup,High,Urban,2.0,6.1,5.9,4.0,2.0,2.0,6.1,,1778.0
Rainy,Apartment,Generator Backup,High,Rural,4.0,7.7,0.5,5.0,2.0,4.0,9.5,323.0,2212.0
Spring,Apartment,Private,High,Rural,1.0,3.5,4.9,5.0,1.0,5.0,5.6,182.0,1323.0
Winter,Kothi,Private,Medium,SemiUrban,6.0,2.2,1.7,0.0,,5.0,5.2,137.0,992.0
Winter,Apartment,Private,Low,Rural,7.0,6.4,0.8,0.0,2.0,1.0,6.2,216.0,1579.0
Spring,Apartment,Private,Low,Urban,3.0,2.6,2.6,0.0,2.0,2.0,4.6,147.0,1028.0
Rainy,,Society,Medium,SemiUrban,2.0,2.4,3.9,1.0,2.0,5.0,9.3,208.0,1473.0
Rainy,Kothi,Society,Medium,Urban,3.0,1.9,2.3,5.0,2.0,6.0,8.5,190.0,1293.0
Winter,Rented Room,Society,Medium,SemiUrban,1.0,1.0,0.3,1.0,2.0,5.0,7.3,142.0,1082.0
Rainy,Apartment,PSPCL,Medium,Rural,1.0,2.1,3.6,4.0,1.0,4.0,6.5,183.0,1332.0
Summer,,Generator Backup,High,SemiUrban,5.0,2.8,5.4,3.0,2.0,1.0,11.2,,1765.0
Winter,Rented Room,Private,Low,SemiUrban,7.0,5.4,2.3,5.0,2.0,3.0,3.3,223.0,1582.0
Rainy,PG,Private,High,Urban,1.0,0.5,1.3,3.0,1.0,1.0,9.9,178.0,1286.0
Winter,PG,Society,Low,Urban,3.0,1.7,2.7,0.0,1.0,3.0,11.1,240.0,1758.0
Summer,PG,Private,Low,SemiUrban,,6.5,0.3,5.0,1.0,2.0,7.0,253.0,1794.0
Winter,Rented Room,Private,Medium,Rural,4.0,1.2,4.9,2.0,1.0,2.0,8.0,169.0,1188.0
Winter,Apartment,Generator Backup,High,Rural,5.0,2.7,5.0,,2.0,5.0,11.5,233.0,
Winter,Rented Room,Society,Medium,Urban,6.0,6.9,3.5,1.0,2.0,6.0,4.9,260.0,1801.0
Winter,Rented Room,Generator Backup,,Rural,3.0,1.2,2.1,5.0,2.0,2.0,7.7,170.0,1223.0
Summer,PG,PSPCL,Low,Urban,3.0,0.7,4.8,0.0,2.0,5.0,,130.0,1036.0
Spring,Independent,PSPCL,,Rural,1.0,3.9,3.3,1.0,1.0,1.0,5.3,188.0,1380.0
Winter,Apartment,PSPCL,Medium,SemiUrban,7.0,2.4,5.0,0.0,,2.0,10.4,236.0,1587.0
Winter,PG,Society,Low,Urban,3.0,4.5,3.8,4.0,2.0,1.0,11.1,305.0,2104.0
Rainy,Independent,Private,Low,Urban,2.0,6.4,4.7,3.0,,1.0,10.0,279.0,1880.0
Winter,Independent,Society,Low,SemiUrban,6.0,1.1,3.6,2.0,2.0,6.0,,186.0,1372.0
Rainy,Kothi,Society,Medium,Urban,1.0,4.6,2.5,3.0,2.0,2.0,3.8,186.0,1343.0
Spring,Apartment,Private,High,Rural,2.0,4.0,5.7,3.0,2.0,1.0,8.4,237.0,
Summer,Independent,Generator Backup,Medium,Rural,5.0,1.2,3.2,4.0,2.0,6.0,3.5,116.0,910.0
Summer,PG,PSPCL,High,Urban,4.0,5.0,3.6,1.0,1.0,6.0,9.1,294.0,2008.0
Spring,Kothi,Generator Backup,Medium,Rural,5.0,2.2,1.3,2.0,1.0,2.0,7.8,176.0,1310.0
Summer,Apartment,PSPCL,Medium,Urban,,3.9,3.8,1.0,1.0,,9.0,217.0,1490.0
Spring,Rented Room,Society,Low,SemiUrban,5.0,0.7,3.4,5.0,1.0,2.0,8.3,237.0,1702.0
Spring,PG,PSPCL,High,Urban,3.0,3.7,1.1,3.0,1.0,2.0,6.8,206.0,1435.0
Spring,Independent,Society,Medium,SemiUrban,2.0,,0.4,5.0,2.0,3.0,4.8,173.0,
Summer,Independent,Generator Backup,Medium,Rural,,6.6,3.6,0.0,2.0,1.0,5.8,,1606.0
Rainy,PG,Society,Low,,,0.5,4.6,3.0,1.0,4.0,7.7,213.0,1506.0
Spring,Independent,Generator Backup,Low,Rural,2.0,3.3,3.1,1.0,1.0,,8.9,179.0,1284.0
Winter,Kothi,Private,High,Urban,1.0,3.7,1.4,,1.0,1.0,10.0,207.0,1502.0
Summer,Apartment,Private,Medium,Rural,2.0,5.8,4.0,0.0,2.0,6.0,,264.0,1818.0
Spring,Kothi,Private,High,Urban,2.0,4.6,0.5,4.0,1.0,5.0,11.8,281.0,2018.0
Spring,,Society,Medium,Urban,5.0,5.3,2.7,5.0,2.0,2.0,5.6,756.0,3406.0
Winter,Rented Room,Private,High,SemiUrban,4.0,6.2,1.0,5.0,2.0,6.0,3.6,205.0,1498.0
Rainy,Apartment,PSPCL,Low,SemiUrban,4.0,6.9,1.1,1.0,2.0,6.0,6.1,206.0,1461.0
Rainy,Apartment,Generator Backup,Medium,SemiUrban,7.0,2.5,1.2,,2.0,6.0,9.7,248.0,1735.0
Rainy,PG,Generator Backup,High,SemiUrban,2.0,4.3,2.3,1.0,1.0,6.0,6.9,204.0,1456.0
Spring,PG,PSPCL,Low,Rural,3.0,6.7,0.3,4.0,2.0,6.0,10.4,258.0,1738.0
Spring,Rented Room,Society,Low,Rural,3.0,7.9,2.4,3.0,2.0,2.0,7.9,258.0,1854.0
Spring,Apartment,Society,High,Rural,1.0,7.1,3.1,3.0,1.0,4.0,11.4,292.0,2017.0
Summer,Rented Room,Generator Backup,Medium,Urban,1.0,3.0,2.9,1.0,2.0,3.0,11.5,636.0,3148.0
Winter,PG,Private,Medium,Rural,5.0,1.6,2.3,1.0,,6.0,3.6,144.0,1026.0
Spring,PG,Society,Low,Rural,2.0,3.9,5.0,0.0,2.0,6.0,7.1,212.0,1486.0
Winter,Apartment,Society,Medium,Rural,1.0,5.9,0.9,4.0,1.0,3.0,8.5,248.0,1750.0
Winter,Kothi,PSPCL,Medium,SemiUrban,1.0,3.9,3.0,0.0,2.0,2.0,5.3,161.0,1120.0
Rainy,Independent,PSPCL,Medium,Rural,6.0,3.9,0.4,5.0,2.0,1.0,6.7,218.0,1610.0
Summer,,Private,Low,,2.0,6.7,0.4,3.0,1.0,5.0,9.1,216.0,1533.0
,PG,Society,High,,,2.9,3.4,1.0,1.0,5.0,5.0,186.0,1392.0
Rainy,Kothi,Society,Medium,Urban,,6.9,3.4,3.0,2.0,1.0,8.4,256.0,1845.0
Rainy,Kothi,PSPCL,Low,Rural,5.0,3.3,,3.0,2.0,2.0,9.3,262.0,1844.0
Spring,Rented Room,Society,Low,SemiUrban,4.0,2.6,,2.0,1.0,5.0,3.8,144.0,1077.0
,Rented Room,Generator Backup,High,Urban,5.0,,5.8,,2.0,3.0,7.5,270.0,1885.0
Rainy,Independent,PSPCL,Medium,Rural,,6.1,0.3,2.0,1.0,1.0,5.4,202.0,1504.0
Winter,Independent,Private,Medium,Urban,3.0,1.0,0.6,3.0,2.0,4.0,9.5,154.0,1121.0
Summer,Apartment,PSPCL,High,,5.0,1.6,0.3,1.0,1.0,2.0,4.7,121.0,900.0
Winter,Rented Room,Society,High,Urban,3.0,7.6,1.1,3.0,2.0,1.0,11.0,287.0,1966.0
,PG,Private,Low,Rural,4.0,1.4,3.2,5.0,1.0,5.0,6.9,222.0,1522.0
Winter,Rented Room,PSPCL,Low,Rural,2.0,4.5,3.9,2.0,,2.0,4.8,168.0,1240.0
Rainy,PG,Generator Backup,,Urban,3.0,4.6,0.3,1.0,1.0,3.0,6.9,158.0,1174.0
Rainy,Kothi,Generator Backup,Medium,SemiUrban,3.0,3.9,5.7,3.0,1.0,2.0,,228.0,1573.0
Summer,Rented Room,PSPCL,Low,SemiUrban,5.0,5.2,5.1,4.0,,2.0,,250.0,1813.0
Spring,Kothi,Generator Backup,Low,Rural,4.0,1.8,1.8,5.0,2.0,3.0,8.3,200.0,
Summer,Independent,Generator Backup,Medium,Rural,7.0,4.4,,5.0,2.0,,7.7,228.0,1603.0
Summer,Independent,Generator Backup,Low,Rural,7.0,3.0,1.0,4.0,1.0,3.0,4.3,175.0,1204.0
Winter,Apartment,Private,Medium,Rural,7.0,5.3,0.8,3.0,2.0,2.0,3.6,210.0,1491.0
Winter,Rented Room,Generator Backup,Medium,Rural,7.0,1.1,,5.0,2.0,3.0,9.6,215.0,1492.0
Summer,Kothi,Generator Backup,,,2.0,4.6,3.1,1.0,2.0,6.0,8.0,217.0,1574.0
Rainy,PG,Generator Backup,High,Rural,5.0,1.5,1.5,,2.0,1.0,6.2,140.0,1046.0
Winter,Independent,Private,High,Urban,5.0,2.2,2.1,3.0,2.0,3.0,10.3,224.0,1645.0
Spring,Independent,PSPCL,High,Urban,6.0,1.7,5.9,,2.0,3.0,6.5,200.0,1441.0
Winter,PG,Society,Medium,SemiUrban,4.0,1.5,4.1,5.0,1.0,,10.2,260.0,1761.0
Winter,Kothi,Generator Backup,Medium,Urban,7.0,6.6,5.7,5.0,2.0,1.0,5.8,285.0,1994.0
Spring,Kothi,PSPCL,High,SemiUrban,2.0,2.3,0.9,4.0,2.0,4.0,3.7,339.0,1720.0
Summer,Rented Room,Generator Backup,Low,SemiUrban,4.0,7.4,2.3,2.0,2.0,4.0,11.4,313.0,2108.0
Spring,,Private,Medium,Urban,7.0,7.8,3.3,2.0,1.0,5.0,6.6,320.0,2237.0
Summer,Apartment,PSPCL,Low,Rural,2.0,4.6,0.5,5.0,2.0,3.0,10.1,242.0,1757.0
Summer,Independent,Private,Low,Urban,4.0,1.1,0.0,3.0,2.0,3.0,5.5,390.0,2006.0
Summer,Rented Room,Generator Backup,Medium,Urban,5.0,3.0,4.0,2.0,,1.0,8.8,251.0,1814.0
Spring,Kothi,Generator Backup,Medium,SemiUrban,5.0,6.4,3.9,4.0,1.0,6.0,10.9,333.0,2238.0
Summer,PG,Private,Low,Urban,1.0,2.9,2.5,2.0,2.0,4.0,3.4,141.0,984.0
Rainy,Kothi,Society,Low,SemiUrban,3.0,0.7,2.9,4.0,1.0,5.0,10.5,211.0,1504.0
Spring,Independent,Private,High,Rural,7.0,4.5,2.5,2.0,2.0,1.0,8.1,,1718.0
Rainy,Kothi,Generator Backup,High,Rural,6.0,6.8,0.1,4.0,1.0,3.0,8.5,252.0,1696.0
Summer,Apartment,Private,Medium,Rural,4.0,6.4,2.0,2.0,1.0,4.0,7.7,254.0,1812.0
Winter,,Society,High,Urban,6.0,1.4,1.1,2.0,,5.0,10.9,218.0,1568.0
Summer,PG,Private,High,SemiUrban,1.0,5.4,0.6,1.0,2.0,2.0,3.4,155.0,1104.0
Rainy,Apartment,Society,High,,3.0,1.8,5.7,4.0,1.0,4.0,5.3,,1320.0
Rainy,Independent,Society,High,SemiUrban,4.0,1.7,3.6,4.0,1.0,5.0,10.9,261.0,1864.0
Spring,PG,Private,Low,SemiUrban,2.0,7.0,4.4,,1.0,1.0,9.8,331.0,2246.0
Winter,Apartment,Private,Medium,Rural,7.0,2.0,1.9,0.0,1.0,,3.2,98.0,811.0
Spring,Apartment,PSPCL,High,Rural,3.0,2.1,2.4,2.0,2.0,5.0,7.7,173.0,
Rainy,Independent,Generator Backup,Low,SemiUrban,5.0,0.0,1.4,4.0,2.0,5.0,7.8,188.0,1405.0
Summer,Rented Room,Society,Low,Rural,1.0,7.0,0.6,5.0,,3.0,6.6,222.0,1627.0
Winter,Apartment,PSPCL,Low,SemiUrban,3.0,6.3,,0.0,2.0,6.0,5.7,199.0,1380.0
Summer,Apartment,Private,,,7.0,5.0,,1.0,1.0,4.0,9.1,275.0,1890.0
Summer,PG,Generator Backup,High,Rural,3.0,6.0,4.1,4.0,2.0,3.0,4.9,243.0,1646.0
Winter,Kothi,PSPCL,Medium,Urban,7.0,1.2,3.3,4.0,1.0,,10.2,241.0,1654.0
Spring,Independent,Society,,Rural,5.0,,2.9,0.0,,,10.2,247.0,1784.0
Summer,Independent,PSPCL,High,Urban,4.0,2.8,5.5,2.0,2.0,5.0,6.7,193.0,1348.0
Rainy,Rented Room,Society,Low,SemiUrban,2.0,,0.4,5.0,2.0,3.0,5.6,115.0,844.0
Summer,Rented Room,Private,Medium,SemiUrban,5.0,3.9,1.7,1.0,1.0,6.0,5.6,205.0,1416.0
Winter,Independent,Generator Backup,High,Urban,2.0,7.4,2.1,4.0,2.0,4.0,7.3,304.0,2085.0
Winter,Rented Room,Generator Backup,High,SemiUrban,4.0,0.3,4.7,2.0,2.0,,9.5,201.0,
Winter,PG,Generator Backup,Low,Urban,3.0,2.3,6.0,5.0,2.0,1.0,6.2,258.0,1778.0
Spring,Independent,Private,Low,Urban,2.0,1.7,1.4,5.0,1.0,3.0,8.5,176.0,1201.0
Summer,Rented Room,Society,High,SemiUrban,1.0,1.9,5.2,1.0,2.0,2.0,6.4,,1196.0
Spring,Independent,Private,Medium,Urban,1.0,7.3,5.0,3.0,2.0,1.0,5.7,286.0,2039.0
Spring,Kothi,,,Rural,7.0,3.7,1.3,5.0,1.0,3.0,3.2,198.0,1478.0
Winter,Apartment,Private,Low,Rural,5.0,3.7,2.4,3.0,1.0,2.0,3.0,197.0,1426.0
Winter,Independent,Private,Low,SemiUrban,4.0,6.1,2.5,,2.0,2.0,,246.0,1674.0
Spring,Apartment,Private,High,SemiUrban,7.0,1.2,5.9,,2.0,6.0,6.7,180.0,1330.0
Summer,Rented Room,Society,Low,Urban,5.0,3.9,1.1,0.0,2.0,3.0,10.7,227.0,1648.0
Rainy,Apartment,PSPCL,High,Urban,5.0,3.4,4.8,,1.0,2.0,10.2,278.0,1907.0
Spring,Independent,PSPCL,Medium,Urban,7.0,4.8,2.0,1.0,1.0,5.0,5.4,197.0,1452.0
Summer,Kothi,Private,Medium,,,8.0,4.4,0.0,1.0,3.0,5.2,251.0,1686.0
Winter,Rented Room,PSPCL,High,Rural,,6.2,,0.0,2.0,2.0,5.0,213.0,1510.0
Winter,Independent,PSPCL,Low,Rural,6.0,3.2,3.5,2.0,1.0,6.0,6.1,191.0,1292.0
Summer,Rented Room,Private,Medium,SemiUrban,1.0,6.6,5.0,5.0,2.0,1.0,7.5,,
Rainy,PG,,Low,Urban,1.0,1.4,4.8,2.0,,1.0,6.9,174.0,1188.0
Winter,Apartment,Generator Backup,Medium,Urban,5.0,0.2,5.2,0.0,1.0,5.0,5.0,130.0,
Winter,PG,PSPCL,High,SemiUrban,1.0,1.6,0.4,,1.0,3.0,4.2,127.0,902.0
Winter,Independent,Society,,Urban,4.0,2.7,4.2,3.0,2.0,6.0,3.1,177.0,1330.0
Summer,Kothi,Private,High,Urban,6.0,4.1,0.8,1.0,2.0,2.0,4.4,153.0,1172.0
Spring,Rented Room,Generator Backup,Medium,Urban,6.0,4.9,2.5,4.0,2.0,2.0,9.3,272.0,1879.0
Winter,Apartment,,Low,Urban,5.0,7.3,3.3,1.0,2.0,1.0,5.2,232.0,1584.0
Spring,Rented Room,PSPCL,Low,Urban,1.0,,2.4,1.0,1.0,6.0,7.2,172.0,1212.0
Rainy,Independent,Generator Backup,Low,SemiUrban,2.0,4.0,3.1,4.0,2.0,5.0,8.3,199.0,1448.0
Winter,,Private,Medium,Urban,7.0,0.4,6.0,5.0,,1.0,11.0,263.0,1850.0
Winter,Apartment,Society,Medium,SemiUrban,7.0,0.3,0.8,0.0,2.0,1.0,11.0,167.0,1160.0
Rainy,Independent,Private,Medium,Urban,6.0,4.4,4.1,3.0,2.0,5.0,9.7,280.0,1913.0
Winter,Rented Room,PSPCL,Medium,Rural,5.0,,2.4,1.0,1.0,3.0,3.3,158.0,1218.0
Spring,Kothi,Society,Medium,Rural,5.0,6.7,0.8,4.0,1.0,2.0,8.2,,1797.0
Summer,,PSPCL,Low,Rural,4.0,1.3,1.0,2.0,2.0,3.0,10.1,194.0,1452.0
Spring,Independent,PSPCL,Medium,Rural,3.0,0.2,5.7,1.0,2.0,6.0,3.2,102.0,792.0
Summer,Kothi,Generator Backup,Medium,SemiUrban,3.0,3.6,5.3,3.0,1.0,4.0,7.9,238.0,1678.0
Summer,PG,Private,Low,SemiUrban,6.0,1.9,5.4,0.0,1.0,4.0,10.7,229.0,1672.0
Spring,Apartment,Society,Medium,Urban,7.0,0.4,5.9,1.0,1.0,4.0,7.3,211.0,1508.0
Spring,,PSPCL,Low,Rural,4.0,5.8,1.2,1.0,1.0,5.0,3.0,165.0,1248.0
Spring,Rented Room,PSPCL,Low,SemiUrban,,0.9,2.1,5.0,1.0,1.0,3.1,129.0,942.0
Spring,Kothi,Society,High,Urban,,4.9,4.0,4.0,2.0,3.0,6.7,233.0,1704.0
Rainy,PG,PSPCL,High,Urban,6.0,2.2,2.9,2.0,2.0,2.0,4.4,154.0,1106.0
Winter,Independent,Generator Backup,High,SemiUrban,3.0,1.4,2.5,2.0,2.0,4.0,9.0,222.0,1507.0
Summer,Rented Room,Generator Backup,High,Rural,7.0,,2.1,0.0,2.0,3.0,9.4,204.0,1433.0
Spring,Rented Room,Generator Backup,Medium,Urban,4.0,6.4,3.6,3.0,1.0,4.0,4.6,241.0,1704.0
Spring,PG,Generator Backup,High,Rural,7.0,3.1,3.5,0.0,1.0,4.0,11.0,246.0,1745.0
Spring,PG,PSPCL,Low,Rural,1.0,,1.0,1.0,1.0,,7.0,206.0,1532.0
Rainy,Kothi,Society,Medium,Rural,5.0,1.0,,1.0,2.0,6.0,4.3,144.0,993.0
Spring,Apartment,Society,High,Urban,5.0,6.2,3.3,2.0,1.0,6.0,9.9,279.0,1902.0
Spring,PG,Society,Low,Rural,7.0,1.9,3.4,,1.0,6.0,,257.0,1734.0
Spring,PG,Society,Medium,Urban,2.0,5.4,1.3,4.0,2.0,5.0,8.8,297.0,2032.0
Winter,Independent,Private,Medium,Rural,2.0,4.5,4.5,3.0,2.0,1.0,10.7,286.0,2035.0
Rainy,Rented Room,Society,High,Urban,6.0,7.4,0.2,1.0,2.0,5.0,9.6,298.0,2066.0
Spring,Apartment,Private,Medium,,6.0,3.1,2.1,4.0,1.0,3.0,10.9,270.0,1919.0
Summer,Independent,Private,Low,SemiUrban,5.0,0.5,4.7,3.0,1.0,5.0,6.9,168.0,1275.0
Summer,,Generator Backup,Medium,Rural,,0.2,3.4,3.0,2.0,3.0,9.7,188.0,1326.0
Summer,Kothi,Private,Low,Rural,3.0,6.6,1.6,4.0,2.0,3.0,12.0,299.0,2036.0
Rainy,PG,PSPCL,Medium,Urban,3.0,4.2,4.2,1.0,1.0,1.0,9.5,230.0,1562.0
Rainy,PG,Private,High,Urban,6.0,6.2,3.4,3.0,2.0,2.0,4.0,228.0,1547.0
Summer,Kothi,Generator Backup,Low,,1.0,1.9,4.8,4.0,1.0,1.0,7.7,203.0,1380.0
Spring,PG,Private,,SemiUrban,6.0,2.8,4.4,5.0,2.0,6.0,8.3,234.0,1718.0
Rainy,Apartment,PSPCL,Medium,SemiUrban,3.0,0.2,3.7,5.0,2.0,6.0,4.6,204.0,1420.0
Summer,,PSPCL,Medium,Urban,7.0,,2.9,1.0,2.0,5.0,11.7,344.0,2378.0
,Rented Room,PSPCL,Low,SemiUrban,,5.3,0.8,4.0,1.0,3.0,4.6,210.0,1436.0
Spring,PG,Generator Backup,Low,Rural,4.0,7.5,1.6,5.0,1.0,4.0,4.6,245.0,1738.0
Winter,Independent,Generator Backup,Low,Urban,7.0,2.1,2.5,4.0,2.0,4.0,11.2,282.0,1929.0
Rainy,Apartment,Society,High,Rural,6.0,4.9,3.6,3.0,,3.0,7.2,291.0,1970.0
Spring,Independent,Generator Backup,High,Urban,5.0,5.4,3.1,1.0,2.0,1.0,3.6,202.0,1407.0
Summer,Independent,PSPCL,Low,Urban,6.0,2.5,1.7,5.0,2.0,2.0,,228.0,1608.0
Summer,Rented Room,PSPCL,Medium,Urban,5.0,6.8,0.0,3.0,1.0,1.0,8.4,281.0,1884.0
Spring,Apartment,Generator Backup,High,Urban,1.0,,3.0,0.0,1.0,3.0,3.6,195.0,1340.0
Rainy,Apartment,Private,Low,SemiUrban,3.0,7.1,1.7,0.0,1.0,3.0,11.8,289.0,1942.0
Winter,Apartment,Generator Backup,Medium,,7.0,5.9,4.4,1.0,1.0,2.0,7.9,290.0,1947.0
Winter,Apartment,Generator Backup,High,Rural,7.0,2.2,0.1,5.0,2.0,5.0,8.0,197.0,1420.0
Summer,,PSPCL,Medium,Rural,2.0,2.3,3.5,5.0,1.0,5.0,7.7,170.0,1255.0
Rainy,Rented Room,Society,Medium,Urban,,7.7,5.6,5.0,1.0,2.0,8.5,315.0,2168.0
Winter,PG,PSPCL,Medium,SemiUrban,3.0,0.1,1.0,4.0,2.0,5.0,5.4,139.0,1074.0
Rainy,Independent,Society,Medium,Rural,2.0,5.7,2.8,3.0,2.0,4.0,5.6,229.0,
Rainy,Apartment,PSPCL,High,SemiUrban,7.0,5.6,0.5,5.0,2.0,5.0,7.6,282.0,1998.0
,PG,Generator Backup,High,Urban,6.0,5.0,3.8,3.0,2.0,5.0,10.3,283.0,1950.0
Winter,PG,PSPCL,High,Rural,1.0,7.9,3.3,1.0,1.0,,3.4,237.0,1716.0
Spring,Independent,PSPCL,,SemiUrban,1.0,2.5,2.4,5.0,1.0,4.0,8.4,211.0,1422.0
Summer,Rented Room,PSPCL,High,Urban,3.0,2.7,3.1,1.0,2.0,5.0,10.3,230.0,1612.0
Winter,Kothi,Generator Backup,Medium,SemiUrban,2.0,0.6,5.4,5.0,2.0,6.0,4.4,,1333.0
Winter,Kothi,Generator Backup,High,Rural,6.0,3.5,1.2,0.0,1.0,4.0,3.1,104.0,
Winter,PG,Generator Backup,Medium,Rural,1.0,2.1,0.1,2.0,1.0,2.0,5.8,103.0,854.0
Winter,Independent,Generator Backup,Low,Urban,1.0,,5.2,1.0,1.0,1.0,8.3,184.0,1248.0
Winter,Kothi,Society,Medium,Urban,4.0,6.7,3.5,5.0,1.0,2.0,4.2,267.0,1836.0
Rainy,PG,,Medium,Urban,4.0,7.5,5.3,2.0,1.0,1.0,6.8,277.0,1928.0
Summer,Rented Room,Private,Medium,SemiUrban,7.0,1.5,3.6,1.0,2.0,2.0,8.0,238.0,1691.0
Rainy,Kothi,Generator Backup,Low,SemiUrban,1.0,3.0,4.9,4.0,2.0,6.0,8.4,232.0,1680.0
Spring,PG,Society,High,SemiUrban,3.0,7.4,2.6,5.0,2.0,1.0,5.5,229.0,1544.0
Winter,PG,PSPCL,High,Urban,5.0,0.5,4.5,4.0,,1.0,6.6,175.0,1204.0
Summer,Apartment,Generator Backup,Low,Rural,5.0,0.7,5.5,0.0,1.0,3.0,10.0,213.0,1550.0
Winter,Rented Room,Private,Medium,Rural,6.0,1.3,3.4,5.0,2.0,1.0,11.5,272.0,1877.0
Summer,Apartment,Private,High,SemiUrban,1.0,4.8,1.1,0.0,1.0,1.0,10.8,198.0,1486.0
Rainy,Independent,Private,,SemiUrban,1.0,1.2,1.6,2.0,1.0,3.0,8.1,164.0,1240.0
Summer,Apartment,PSPCL,High,Rural,7.0,7.7,1.2,1.0,1.0,5.0,6.7,268.0,1872.0
Spring,Apartment,Society,,Rural,1.0,3.6,1.5,3.0,1.0,5.0,6.0,157.0,1154.0
Spring,Kothi,PSPCL,Medium,SemiUrban,3.0,4.0,1.8,0.0,1.0,3.0,4.1,182.0,1283.0
Summer,PG,Generator Backup,High,SemiUrban,4.0,2.0,3.3,3.0,1.0,4.0,4.0,144.0,1124.0
Summer,Rented Room,Private,Low,Rural,1.0,3.8,3.5,,1.0,1.0,9.2,,1492.0
Summer,Apartment,PSPCL,High,Urban,1.0,5.3,2.6,1.0,2.0,1.0,5.3,152.0,
Summer,Rented Room,PSPCL,High,SemiUrban,7.0,6.0,3.7,2.0,1.0,3.0,5.3,266.0,1847.0
Spring,Apartment,Society,High,Rural,2.0,6.0,0.5,1.0,2.0,3.0,12.0,257.0,1768.0
Winter,Independent,,High,Rural,7.0,4.6,0.5,5.0,2.0,4.0,4.7,196.0,1448.0
Summer,Apartment,Private,Low,Rural,7.0,7.2,1.0,0.0,1.0,6.0,4.3,525.0,2488.0
Summer,Kothi,PSPCL,Medium,,3.0,6.5,3.1,3.0,1.0,5.0,3.9,,1416.0
Spring,PG,PSPCL,Low,Urban,6.0,6.1,1.3,1.0,2.0,2.0,8.2,289.0,2010.0
Spring,Independent,Society,Low,Rural,1.0,,1.7,1.0,2.0,6.0,8.7,98.0,785.0
Rainy,Apartment,PSPCL,Low,SemiUrban,7.0,0.1,2.4,1.0,2.0,5.0,6.3,131.0,
Summer,Rented Room,PSPCL,Medium,Urban,7.0,1.7,4.9,0.0,2.0,1.0,7.8,239.0,1618.0
,Independent,PSPCL,High,Rural,2.0,5.3,0.1,2.0,1.0,6.0,10.1,253.0,1762.0
Spring,Independent,Society,High,Urban,7.0,3.3,3.9,1.0,1.0,3.0,10.4,245.0,1718.0
Spring,Apartment,Private,High,SemiUrban,5.0,3.2,4.0,0.0,1.0,4.0,11.6,256.0,1775.0
Winter,Independent,Generator Backup,Medium,Rural,6.0,7.1,4.8,3.0,2.0,5.0,10.4,343.0,2398.0
Summer,Rented Room,Private,High,SemiUrban,1.0,7.2,5.6,5.0,1.0,4.0,8.1,309.0,2094.0
Rainy,Independent,,Medium,Rural,1.0,7.3,0.1,4.0,2.0,5.0,4.6,,1730.0
Spring,Rented Room,PSPCL,High,Rural,2.0,2.5,0.9,0.0,1.0,6.0,3.9,110.0,
Spring,Apartment,Private,High,Rural,3.0,5.5,5.3,4.0,2.0,1.0,3.5,247.0,1662.0
Rainy,PG,Generator Backup,Low,Rural,1.0,2.2,2.8,1.0,1.0,2.0,9.0,186.0,1262.0
Winter,Independent,Society,Medium,,5.0,1.5,3.4,1.0,1.0,4.0,10.3,172.0,1188.0
Spring,PG,Society,Low,Urban,1.0,1.5,4.0,0.0,2.0,4.0,7.6,135.0,1076.0
Summer,Rented Room,Private,Low,Rural,5.0,2.7,4.1,4.0,2.0,2.0,3.5,161.0,1120.0
Spring,Independent,Private,Low,Rural,6.0,,5.6,,2.0,4.0,7.8,234.0,
Summer,Kothi,PSPCL,Medium,Urban,6.0,6.6,6.0,3.0,2.0,4.0,11.4,391.0,2634.0
Rainy,PG,Private,Medium,Urban,4.0,1.0,4.3,2.0,2.0,5.0,8.4,202.0,
Summer,Independent,PSPCL,High,Urban,4.0,5.9,1.7,2.0,1.0,5.0,10.3,263.0,1800.0
Rainy,PG,PSPCL,Low,Urban,5.0,4.3,5.3,1.0,2.0,2.0,10.2,298.0,2078.0
Summer,Independent,Society,High,Urban,3.0,2.3,0.3,4.0,1.0,1.0,11.4,192.0,1358.0
,Apartment,Society,Low,Urban,1.0,3.9,1.4,5.0,1.0,6.0,,,1666.0
Spring,Rented Room,Generator Backup,Medium,Urban,4.0,6.4,3.6,3.0,1.0,4.0,4.6,241.0,1704.0
Summer,PG,Society,Low,Urban,2.0,0.0,2.4,4.0,2.0,2.0,9.5,182.0,1364.0
Winter,Independent,Society,Medium,Rural,2.0,2.0,5.0,5.0,1.0,1.0,9.1,197.0,1352.0
Spring,Kothi,Society,High,Urban,,4.9,4.0,4.0,2.0,3.0,6.7,233.0,1704.0
,Rented Room,Generator Backup,,Rural,3.0,2.3,0.2,5.0,2.0,5.0,8.1,167.0,
Rainy,Kothi,Society,Medium,Urban,3.0,1.9,2.3,5.0,2.0,6.0,8.5,190.0,1293.0
Spring,Apartment,Society,Medium,Urban,7.0,0.4,5.9,1.0,1.0,4.0,7.3,211.0,1508.0
Summer,PG,Generator Backup,Medium,Urban,3.0,6.1,2.2,0.0,1.0,6.0,3.6,168.0,1165.0
Summer,Kothi,PSPCL,Medium,,3.0,6.5,3.1,3.0,1.0,5.0,3.9,,1416.0
Winter,Apartment,Society,High,SemiUrban,7.0,,4.6,2.0,2.0,6.0,,212.0,1431.0
Spring,Rented Room,PSPCL,High,Rural,2.0,2.5,0.9,0.0,1.0,6.0,3.9,110.0,
Rainy,Rented Room,Generator Backup,High,Urban,2.0,6.1,5.9,4.0,2.0,2.0,6.1,,1778.0
Winter,Apartment,Private,Low,Rural,7.0,6.4,0.8,0.0,2.0,1.0,6.2,216.0,1579.0
Rainy,PG,Private,Medium,,3.0,6.2,6.0,,1.0,2.0,3.7,229.0,1574.0
Spring,Apartment,Private,Low,Urban,5.0,0.8,5.3,0.0,2.0,,8.7,177.0,1224.0
Spring,Rented Room,Private,High,SemiUrban,3.0,0.9,2.9,4.0,2.0,2.0,10.4,237.0,1636.0
